Timestamp,HP total Demand
01/01/2050 00:00,75579653.4012
01/01/2050 01:00,75579653.4012
01/01/2050 02:00,75579653.4012
01/01/2050 03:00,75579653.4012
01/01/2050 04:00,75579653.4012
01/01/2050 05:00,75579653.4012
01/01/2050 06:00,75579653.4012
01/01/2050 07:00,75579653.4012
01/01/2050 08:00,75579653.4012
01/01/2050 09:00,75579653.4012
01/01/2050 10:00,75579653.4012
01/01/2050 11:00,75579653.4012
01/01/2050 12:00,75579653.4012
01/01/2050 13:00,75579653.4012
01/01/2050 14:00,75579653.4012
01/01/2050 15:00,75579653.4012
01/01/2050 16:00,75579653.4012
01/01/2050 17:00,75579653.4012
01/01/2050 18:00,75579653.4012
01/01/2050 19:00,75579653.4012
01/01/2050 20:00,75579653.4012
01/01/2050 21:00,75579653.4012
01/01/2050 22:00,75579653.4012
01/01/2050 23:00,75579653.4012
02/01/2050 00:00,93785276.47320001
02/01/2050 01:00,93785276.47320001
02/01/2050 02:00,93785276.47320001
02/01/2050 03:00,93785276.47320001
02/01/2050 04:00,93785276.47320001
02/01/2050 05:00,93785276.47320001
02/01/2050 06:00,93785276.47320001
02/01/2050 07:00,93785276.47320001
02/01/2050 08:00,93785276.47320001
02/01/2050 09:00,93785276.47320001
02/01/2050 10:00,93785276.47320001
02/01/2050 11:00,93785276.47320001
02/01/2050 12:00,93785276.47320001
02/01/2050 13:00,93785276.47320001
02/01/2050 14:00,93785276.47320001
02/01/2050 15:00,93785276.47320001
02/01/2050 16:00,93785276.47320001
02/01/2050 17:00,93785276.47320001
02/01/2050 18:00,93785276.47320001
02/01/2050 19:00,93785276.47320001
02/01/2050 20:00,93785276.47320001
02/01/2050 21:00,93785276.47320001
02/01/2050 22:00,93785276.47320001
02/01/2050 23:00,93785276.47320001
03/01/2050 00:00,132168798.45000003
03/01/2050 01:00,132168798.45000003
03/01/2050 02:00,132168798.45000003
03/01/2050 03:00,132168798.45000003
03/01/2050 04:00,132168798.45000003
03/01/2050 05:00,132168798.45000003
03/01/2050 06:00,132168798.45000003
03/01/2050 07:00,132168798.45000003
03/01/2050 08:00,132168798.45000003
03/01/2050 09:00,132168798.45000003
03/01/2050 10:00,132168798.45000003
03/01/2050 11:00,132168798.45000003
03/01/2050 12:00,132168798.45000003
03/01/2050 13:00,132168798.45000003
03/01/2050 14:00,132168798.45000003
03/01/2050 15:00,132168798.45000003
03/01/2050 16:00,132168798.45000003
03/01/2050 17:00,132168798.45000003
03/01/2050 18:00,132168798.45000003
03/01/2050 19:00,132168798.45000003
03/01/2050 20:00,132168798.45000003
03/01/2050 21:00,132168798.45000003
03/01/2050 22:00,132168798.45000003
03/01/2050 23:00,132168798.45000003
04/01/2050 00:00,195736765.6764
04/01/2050 01:00,195736765.6764
04/01/2050 02:00,195736765.6764
04/01/2050 03:00,195736765.6764
04/01/2050 04:00,195736765.6764
04/01/2050 05:00,195736765.6764
04/01/2050 06:00,195736765.6764
04/01/2050 07:00,195736765.6764
04/01/2050 08:00,195736765.6764
04/01/2050 09:00,195736765.6764
04/01/2050 10:00,195736765.6764
04/01/2050 11:00,195736765.6764
04/01/2050 12:00,195736765.6764
04/01/2050 13:00,195736765.6764
04/01/2050 14:00,195736765.6764
04/01/2050 15:00,195736765.6764
04/01/2050 16:00,195736765.6764
04/01/2050 17:00,195736765.6764
04/01/2050 18:00,195736765.6764
04/01/2050 19:00,195736765.6764
04/01/2050 20:00,195736765.6764
04/01/2050 21:00,195736765.6764
04/01/2050 22:00,195736765.6764
04/01/2050 23:00,195736765.6764
05/01/2050 00:00,234196144.41600004
05/01/2050 01:00,234196144.41600004
05/01/2050 02:00,234196144.41600004
05/01/2050 03:00,234196144.41600004
05/01/2050 04:00,234196144.41600004
05/01/2050 05:00,234196144.41600004
05/01/2050 06:00,234196144.41600004
05/01/2050 07:00,234196144.41600004
05/01/2050 08:00,234196144.41600004
05/01/2050 09:00,234196144.41600004
05/01/2050 10:00,234196144.41600004
05/01/2050 11:00,234196144.41600004
05/01/2050 12:00,234196144.41600004
05/01/2050 13:00,234196144.41600004
05/01/2050 14:00,234196144.41600004
05/01/2050 15:00,234196144.41600004
05/01/2050 16:00,234196144.41600004
05/01/2050 17:00,234196144.41600004
05/01/2050 18:00,234196144.41600004
05/01/2050 19:00,234196144.41600004
05/01/2050 20:00,234196144.41600004
05/01/2050 21:00,234196144.41600004
05/01/2050 22:00,234196144.41600004
05/01/2050 23:00,234196144.41600004
06/01/2050 00:00,244740234.44520003
06/01/2050 01:00,244740234.44520003
06/01/2050 02:00,244740234.44520003
06/01/2050 03:00,244740234.44520003
06/01/2050 04:00,244740234.44520003
06/01/2050 05:00,244740234.44520003
06/01/2050 06:00,244740234.44520003
06/01/2050 07:00,244740234.44520003
06/01/2050 08:00,244740234.44520003
06/01/2050 09:00,244740234.44520003
06/01/2050 10:00,244740234.44520003
06/01/2050 11:00,244740234.44520003
06/01/2050 12:00,244740234.44520003
06/01/2050 13:00,244740234.44520003
06/01/2050 14:00,244740234.44520003
06/01/2050 15:00,244740234.44520003
06/01/2050 16:00,244740234.44520003
06/01/2050 17:00,244740234.44520003
06/01/2050 18:00,244740234.44520003
06/01/2050 19:00,244740234.44520003
06/01/2050 20:00,244740234.44520003
06/01/2050 21:00,244740234.44520003
06/01/2050 22:00,244740234.44520003
06/01/2050 23:00,244740234.44520003
07/01/2050 00:00,225472616.69399998
07/01/2050 01:00,225472616.69399998
07/01/2050 02:00,225472616.69399998
07/01/2050 03:00,225472616.69399998
07/01/2050 04:00,225472616.69399998
07/01/2050 05:00,225472616.69399998
07/01/2050 06:00,225472616.69399998
07/01/2050 07:00,225472616.69399998
07/01/2050 08:00,225472616.69399998
07/01/2050 09:00,225472616.69399998
07/01/2050 10:00,225472616.69399998
07/01/2050 11:00,225472616.69399998
07/01/2050 12:00,225472616.69399998
07/01/2050 13:00,225472616.69399998
07/01/2050 14:00,225472616.69399998
07/01/2050 15:00,225472616.69399998
07/01/2050 16:00,225472616.69399998
07/01/2050 17:00,225472616.69399998
07/01/2050 18:00,225472616.69399998
07/01/2050 19:00,225472616.69399998
07/01/2050 20:00,225472616.69399998
07/01/2050 21:00,225472616.69399998
07/01/2050 22:00,225472616.69399998
07/01/2050 23:00,225472616.69399998
08/01/2050 00:00,196950473.88120002
08/01/2050 01:00,196950473.88120002
08/01/2050 02:00,196950473.88120002
08/01/2050 03:00,196950473.88120002
08/01/2050 04:00,196950473.88120002
08/01/2050 05:00,196950473.88120002
08/01/2050 06:00,196950473.88120002
08/01/2050 07:00,196950473.88120002
08/01/2050 08:00,196950473.88120002
08/01/2050 09:00,196950473.88120002
08/01/2050 10:00,196950473.88120002
08/01/2050 11:00,196950473.88120002
08/01/2050 12:00,196950473.88120002
08/01/2050 13:00,196950473.88120002
08/01/2050 14:00,196950473.88120002
08/01/2050 15:00,196950473.88120002
08/01/2050 16:00,196950473.88120002
08/01/2050 17:00,196950473.88120002
08/01/2050 18:00,196950473.88120002
08/01/2050 19:00,196950473.88120002
08/01/2050 20:00,196950473.88120002
08/01/2050 21:00,196950473.88120002
08/01/2050 22:00,196950473.88120002
08/01/2050 23:00,196950473.88120002
09/01/2050 00:00,234575428.23
09/01/2050 01:00,234575428.23
09/01/2050 02:00,234575428.23
09/01/2050 03:00,234575428.23
09/01/2050 04:00,234575428.23
09/01/2050 05:00,234575428.23
09/01/2050 06:00,234575428.23
09/01/2050 07:00,234575428.23
09/01/2050 08:00,234575428.23
09/01/2050 09:00,234575428.23
09/01/2050 10:00,234575428.23
09/01/2050 11:00,234575428.23
09/01/2050 12:00,234575428.23
09/01/2050 13:00,234575428.23
09/01/2050 14:00,234575428.23
09/01/2050 15:00,234575428.23
09/01/2050 16:00,234575428.23
09/01/2050 17:00,234575428.23
09/01/2050 18:00,234575428.23
09/01/2050 19:00,234575428.23
09/01/2050 20:00,234575428.23
09/01/2050 21:00,234575428.23
09/01/2050 22:00,234575428.23
09/01/2050 23:00,234575428.23
10/01/2050 00:00,223500340.86120003
10/01/2050 01:00,223500340.86120003
10/01/2050 02:00,223500340.86120003
10/01/2050 03:00,223500340.86120003
10/01/2050 04:00,223500340.86120003
10/01/2050 05:00,223500340.86120003
10/01/2050 06:00,223500340.86120003
10/01/2050 07:00,223500340.86120003
10/01/2050 08:00,223500340.86120003
10/01/2050 09:00,223500340.86120003
10/01/2050 10:00,223500340.86120003
10/01/2050 11:00,223500340.86120003
10/01/2050 12:00,223500340.86120003
10/01/2050 13:00,223500340.86120003
10/01/2050 14:00,223500340.86120003
10/01/2050 15:00,223500340.86120003
10/01/2050 16:00,223500340.86120003
10/01/2050 17:00,223500340.86120003
10/01/2050 18:00,223500340.86120003
10/01/2050 19:00,223500340.86120003
10/01/2050 20:00,223500340.86120003
10/01/2050 21:00,223500340.86120003
10/01/2050 22:00,223500340.86120003
10/01/2050 23:00,223500340.86120003
11/01/2050 00:00,169869609.56160003
11/01/2050 01:00,169869609.56160003
11/01/2050 02:00,169869609.56160003
11/01/2050 03:00,169869609.56160003
11/01/2050 04:00,169869609.56160003
11/01/2050 05:00,169869609.56160003
11/01/2050 06:00,169869609.56160003
11/01/2050 07:00,169869609.56160003
11/01/2050 08:00,169869609.56160003
11/01/2050 09:00,169869609.56160003
11/01/2050 10:00,169869609.56160003
11/01/2050 11:00,169869609.56160003
11/01/2050 12:00,169869609.56160003
11/01/2050 13:00,169869609.56160003
11/01/2050 14:00,169869609.56160003
11/01/2050 15:00,169869609.56160003
11/01/2050 16:00,169869609.56160003
11/01/2050 17:00,169869609.56160003
11/01/2050 18:00,169869609.56160003
11/01/2050 19:00,169869609.56160003
11/01/2050 20:00,169869609.56160003
11/01/2050 21:00,169869609.56160003
11/01/2050 22:00,169869609.56160003
11/01/2050 23:00,169869609.56160003
12/01/2050 00:00,208556558.58960003
12/01/2050 01:00,208556558.58960003
12/01/2050 02:00,208556558.58960003
12/01/2050 03:00,208556558.58960003
12/01/2050 04:00,208556558.58960003
12/01/2050 05:00,208556558.58960003
12/01/2050 06:00,208556558.58960003
12/01/2050 07:00,208556558.58960003
12/01/2050 08:00,208556558.58960003
12/01/2050 09:00,208556558.58960003
12/01/2050 10:00,208556558.58960003
12/01/2050 11:00,208556558.58960003
12/01/2050 12:00,208556558.58960003
12/01/2050 13:00,208556558.58960003
12/01/2050 14:00,208556558.58960003
12/01/2050 15:00,208556558.58960003
12/01/2050 16:00,208556558.58960003
12/01/2050 17:00,208556558.58960003
12/01/2050 18:00,208556558.58960003
12/01/2050 19:00,208556558.58960003
12/01/2050 20:00,208556558.58960003
12/01/2050 21:00,208556558.58960003
12/01/2050 22:00,208556558.58960003
12/01/2050 23:00,208556558.58960003
13/01/2050 00:00,213866531.9856
13/01/2050 01:00,213866531.9856
13/01/2050 02:00,213866531.9856
13/01/2050 03:00,213866531.9856
13/01/2050 04:00,213866531.9856
13/01/2050 05:00,213866531.9856
13/01/2050 06:00,213866531.9856
13/01/2050 07:00,213866531.9856
13/01/2050 08:00,213866531.9856
13/01/2050 09:00,213866531.9856
13/01/2050 10:00,213866531.9856
13/01/2050 11:00,213866531.9856
13/01/2050 12:00,213866531.9856
13/01/2050 13:00,213866531.9856
13/01/2050 14:00,213866531.9856
13/01/2050 15:00,213866531.9856
13/01/2050 16:00,213866531.9856
13/01/2050 17:00,213866531.9856
13/01/2050 18:00,213866531.9856
13/01/2050 19:00,213866531.9856
13/01/2050 20:00,213866531.9856
13/01/2050 21:00,213866531.9856
13/01/2050 22:00,213866531.9856
13/01/2050 23:00,213866531.9856
14/01/2050 00:00,233968574.1276
14/01/2050 01:00,233968574.1276
14/01/2050 02:00,233968574.1276
14/01/2050 03:00,233968574.1276
14/01/2050 04:00,233968574.1276
14/01/2050 05:00,233968574.1276
14/01/2050 06:00,233968574.1276
14/01/2050 07:00,233968574.1276
14/01/2050 08:00,233968574.1276
14/01/2050 09:00,233968574.1276
14/01/2050 10:00,233968574.1276
14/01/2050 11:00,233968574.1276
14/01/2050 12:00,233968574.1276
14/01/2050 13:00,233968574.1276
14/01/2050 14:00,233968574.1276
14/01/2050 15:00,233968574.1276
14/01/2050 16:00,233968574.1276
14/01/2050 17:00,233968574.1276
14/01/2050 18:00,233968574.1276
14/01/2050 19:00,233968574.1276
14/01/2050 20:00,233968574.1276
14/01/2050 21:00,233968574.1276
14/01/2050 22:00,233968574.1276
14/01/2050 23:00,233968574.1276
15/01/2050 00:00,235637422.90919998
15/01/2050 01:00,235637422.90919998
15/01/2050 02:00,235637422.90919998
15/01/2050 03:00,235637422.90919998
15/01/2050 04:00,235637422.90919998
15/01/2050 05:00,235637422.90919998
15/01/2050 06:00,235637422.90919998
15/01/2050 07:00,235637422.90919998
15/01/2050 08:00,235637422.90919998
15/01/2050 09:00,235637422.90919998
15/01/2050 10:00,235637422.90919998
15/01/2050 11:00,235637422.90919998
15/01/2050 12:00,235637422.90919998
15/01/2050 13:00,235637422.90919998
15/01/2050 14:00,235637422.90919998
15/01/2050 15:00,235637422.90919998
15/01/2050 16:00,235637422.90919998
15/01/2050 17:00,235637422.90919998
15/01/2050 18:00,235637422.90919998
15/01/2050 19:00,235637422.90919998
15/01/2050 20:00,235637422.90919998
15/01/2050 21:00,235637422.90919998
15/01/2050 22:00,235637422.90919998
15/01/2050 23:00,235637422.90919998
16/01/2050 00:00,201046739.07239997
16/01/2050 01:00,201046739.07239997
16/01/2050 02:00,201046739.07239997
16/01/2050 03:00,201046739.07239997
16/01/2050 04:00,201046739.07239997
16/01/2050 05:00,201046739.07239997
16/01/2050 06:00,201046739.07239997
16/01/2050 07:00,201046739.07239997
16/01/2050 08:00,201046739.07239997
16/01/2050 09:00,201046739.07239997
16/01/2050 10:00,201046739.07239997
16/01/2050 11:00,201046739.07239997
16/01/2050 12:00,201046739.07239997
16/01/2050 13:00,201046739.07239997
16/01/2050 14:00,201046739.07239997
16/01/2050 15:00,201046739.07239997
16/01/2050 16:00,201046739.07239997
16/01/2050 17:00,201046739.07239997
16/01/2050 18:00,201046739.07239997
16/01/2050 19:00,201046739.07239997
16/01/2050 20:00,201046739.07239997
16/01/2050 21:00,201046739.07239997
16/01/2050 22:00,201046739.07239997
16/01/2050 23:00,201046739.07239997
17/01/2050 00:00,227065608.7128
17/01/2050 01:00,227065608.7128
17/01/2050 02:00,227065608.7128
17/01/2050 03:00,227065608.7128
17/01/2050 04:00,227065608.7128
17/01/2050 05:00,227065608.7128
17/01/2050 06:00,227065608.7128
17/01/2050 07:00,227065608.7128
17/01/2050 08:00,227065608.7128
17/01/2050 09:00,227065608.7128
17/01/2050 10:00,227065608.7128
17/01/2050 11:00,227065608.7128
17/01/2050 12:00,227065608.7128
17/01/2050 13:00,227065608.7128
17/01/2050 14:00,227065608.7128
17/01/2050 15:00,227065608.7128
17/01/2050 16:00,227065608.7128
17/01/2050 17:00,227065608.7128
17/01/2050 18:00,227065608.7128
17/01/2050 19:00,227065608.7128
17/01/2050 20:00,227065608.7128
17/01/2050 21:00,227065608.7128
17/01/2050 22:00,227065608.7128
17/01/2050 23:00,227065608.7128
18/01/2050 00:00,243450669.47760004
18/01/2050 01:00,243450669.47760004
18/01/2050 02:00,243450669.47760004
18/01/2050 03:00,243450669.47760004
18/01/2050 04:00,243450669.47760004
18/01/2050 05:00,243450669.47760004
18/01/2050 06:00,243450669.47760004
18/01/2050 07:00,243450669.47760004
18/01/2050 08:00,243450669.47760004
18/01/2050 09:00,243450669.47760004
18/01/2050 10:00,243450669.47760004
18/01/2050 11:00,243450669.47760004
18/01/2050 12:00,243450669.47760004
18/01/2050 13:00,243450669.47760004
18/01/2050 14:00,243450669.47760004
18/01/2050 15:00,243450669.47760004
18/01/2050 16:00,243450669.47760004
18/01/2050 17:00,243450669.47760004
18/01/2050 18:00,243450669.47760004
18/01/2050 19:00,243450669.47760004
18/01/2050 20:00,243450669.47760004
18/01/2050 21:00,243450669.47760004
18/01/2050 22:00,243450669.47760004
18/01/2050 23:00,243450669.47760004
19/01/2050 00:00,204005152.82159993
19/01/2050 01:00,204005152.82159993
19/01/2050 02:00,204005152.82159993
19/01/2050 03:00,204005152.82159993
19/01/2050 04:00,204005152.82159993
19/01/2050 05:00,204005152.82159993
19/01/2050 06:00,204005152.82159993
19/01/2050 07:00,204005152.82159993
19/01/2050 08:00,204005152.82159993
19/01/2050 09:00,204005152.82159993
19/01/2050 10:00,204005152.82159993
19/01/2050 11:00,204005152.82159993
19/01/2050 12:00,204005152.82159993
19/01/2050 13:00,204005152.82159993
19/01/2050 14:00,204005152.82159993
19/01/2050 15:00,204005152.82159993
19/01/2050 16:00,204005152.82159993
19/01/2050 17:00,204005152.82159993
19/01/2050 18:00,204005152.82159993
19/01/2050 19:00,204005152.82159993
19/01/2050 20:00,204005152.82159993
19/01/2050 21:00,204005152.82159993
19/01/2050 22:00,204005152.82159993
19/01/2050 23:00,204005152.82159993
20/01/2050 00:00,233968574.1276
20/01/2050 01:00,233968574.1276
20/01/2050 02:00,233968574.1276
20/01/2050 03:00,233968574.1276
20/01/2050 04:00,233968574.1276
20/01/2050 05:00,233968574.1276
20/01/2050 06:00,233968574.1276
20/01/2050 07:00,233968574.1276
20/01/2050 08:00,233968574.1276
20/01/2050 09:00,233968574.1276
20/01/2050 10:00,233968574.1276
20/01/2050 11:00,233968574.1276
20/01/2050 12:00,233968574.1276
20/01/2050 13:00,233968574.1276
20/01/2050 14:00,233968574.1276
20/01/2050 15:00,233968574.1276
20/01/2050 16:00,233968574.1276
20/01/2050 17:00,233968574.1276
20/01/2050 18:00,233968574.1276
20/01/2050 19:00,233968574.1276
20/01/2050 20:00,233968574.1276
20/01/2050 21:00,233968574.1276
20/01/2050 22:00,233968574.1276
20/01/2050 23:00,233968574.1276
21/01/2050 00:00,240416398.96559995
21/01/2050 01:00,240416398.96559995
21/01/2050 02:00,240416398.96559995
21/01/2050 03:00,240416398.96559995
21/01/2050 04:00,240416398.96559995
21/01/2050 05:00,240416398.96559995
21/01/2050 06:00,240416398.96559995
21/01/2050 07:00,240416398.96559995
21/01/2050 08:00,240416398.96559995
21/01/2050 09:00,240416398.96559995
21/01/2050 10:00,240416398.96559995
21/01/2050 11:00,240416398.96559995
21/01/2050 12:00,240416398.96559995
21/01/2050 13:00,240416398.96559995
21/01/2050 14:00,240416398.96559995
21/01/2050 15:00,240416398.96559995
21/01/2050 16:00,240416398.96559995
21/01/2050 17:00,240416398.96559995
21/01/2050 18:00,240416398.96559995
21/01/2050 19:00,240416398.96559995
21/01/2050 20:00,240416398.96559995
21/01/2050 21:00,240416398.96559995
21/01/2050 22:00,240416398.96559995
21/01/2050 23:00,240416398.96559995
22/01/2050 00:00,231465300.95520002
22/01/2050 01:00,231465300.95520002
22/01/2050 02:00,231465300.95520002
22/01/2050 03:00,231465300.95520002
22/01/2050 04:00,231465300.95520002
22/01/2050 05:00,231465300.95520002
22/01/2050 06:00,231465300.95520002
22/01/2050 07:00,231465300.95520002
22/01/2050 08:00,231465300.95520002
22/01/2050 09:00,231465300.95520002
22/01/2050 10:00,231465300.95520002
22/01/2050 11:00,231465300.95520002
22/01/2050 12:00,231465300.95520002
22/01/2050 13:00,231465300.95520002
22/01/2050 14:00,231465300.95520002
22/01/2050 15:00,231465300.95520002
22/01/2050 16:00,231465300.95520002
22/01/2050 17:00,231465300.95520002
22/01/2050 18:00,231465300.95520002
22/01/2050 19:00,231465300.95520002
22/01/2050 20:00,231465300.95520002
22/01/2050 21:00,231465300.95520002
22/01/2050 22:00,231465300.95520002
22/01/2050 23:00,231465300.95520002
23/01/2050 00:00,206660139.5196
23/01/2050 01:00,206660139.5196
23/01/2050 02:00,206660139.5196
23/01/2050 03:00,206660139.5196
23/01/2050 04:00,206660139.5196
23/01/2050 05:00,206660139.5196
23/01/2050 06:00,206660139.5196
23/01/2050 07:00,206660139.5196
23/01/2050 08:00,206660139.5196
23/01/2050 09:00,206660139.5196
23/01/2050 10:00,206660139.5196
23/01/2050 11:00,206660139.5196
23/01/2050 12:00,206660139.5196
23/01/2050 13:00,206660139.5196
23/01/2050 14:00,206660139.5196
23/01/2050 15:00,206660139.5196
23/01/2050 16:00,206660139.5196
23/01/2050 17:00,206660139.5196
23/01/2050 18:00,206660139.5196
23/01/2050 19:00,206660139.5196
23/01/2050 20:00,206660139.5196
23/01/2050 21:00,206660139.5196
23/01/2050 22:00,206660139.5196
23/01/2050 23:00,206660139.5196
24/01/2050 00:00,233741003.8392
24/01/2050 01:00,233741003.8392
24/01/2050 02:00,233741003.8392
24/01/2050 03:00,233741003.8392
24/01/2050 04:00,233741003.8392
24/01/2050 05:00,233741003.8392
24/01/2050 06:00,233741003.8392
24/01/2050 07:00,233741003.8392
24/01/2050 08:00,233741003.8392
24/01/2050 09:00,233741003.8392
24/01/2050 10:00,233741003.8392
24/01/2050 11:00,233741003.8392
24/01/2050 12:00,233741003.8392
24/01/2050 13:00,233741003.8392
24/01/2050 14:00,233741003.8392
24/01/2050 15:00,233741003.8392
24/01/2050 16:00,233741003.8392
24/01/2050 17:00,233741003.8392
24/01/2050 18:00,233741003.8392
24/01/2050 19:00,233741003.8392
24/01/2050 20:00,233741003.8392
24/01/2050 21:00,233741003.8392
24/01/2050 22:00,233741003.8392
24/01/2050 23:00,233741003.8392
25/01/2050 00:00,237002844.63960004
25/01/2050 01:00,237002844.63960004
25/01/2050 02:00,237002844.63960004
25/01/2050 03:00,237002844.63960004
25/01/2050 04:00,237002844.63960004
25/01/2050 05:00,237002844.63960004
25/01/2050 06:00,237002844.63960004
25/01/2050 07:00,237002844.63960004
25/01/2050 08:00,237002844.63960004
25/01/2050 09:00,237002844.63960004
25/01/2050 10:00,237002844.63960004
25/01/2050 11:00,237002844.63960004
25/01/2050 12:00,237002844.63960004
25/01/2050 13:00,237002844.63960004
25/01/2050 14:00,237002844.63960004
25/01/2050 15:00,237002844.63960004
25/01/2050 16:00,237002844.63960004
25/01/2050 17:00,237002844.63960004
25/01/2050 18:00,237002844.63960004
25/01/2050 19:00,237002844.63960004
25/01/2050 20:00,237002844.63960004
25/01/2050 21:00,237002844.63960004
25/01/2050 22:00,237002844.63960004
25/01/2050 23:00,237002844.63960004
26/01/2050 00:00,238216552.84440008
26/01/2050 01:00,238216552.84440008
26/01/2050 02:00,238216552.84440008
26/01/2050 03:00,238216552.84440008
26/01/2050 04:00,238216552.84440008
26/01/2050 05:00,238216552.84440008
26/01/2050 06:00,238216552.84440008
26/01/2050 07:00,238216552.84440008
26/01/2050 08:00,238216552.84440008
26/01/2050 09:00,238216552.84440008
26/01/2050 10:00,238216552.84440008
26/01/2050 11:00,238216552.84440008
26/01/2050 12:00,238216552.84440008
26/01/2050 13:00,238216552.84440008
26/01/2050 14:00,238216552.84440008
26/01/2050 15:00,238216552.84440008
26/01/2050 16:00,238216552.84440008
26/01/2050 17:00,238216552.84440008
26/01/2050 18:00,238216552.84440008
26/01/2050 19:00,238216552.84440008
26/01/2050 20:00,238216552.84440008
26/01/2050 21:00,238216552.84440008
26/01/2050 22:00,238216552.84440008
26/01/2050 23:00,238216552.84440008
27/01/2050 00:00,178213853.46960002
27/01/2050 01:00,178213853.46960002
27/01/2050 02:00,178213853.46960002
27/01/2050 03:00,178213853.46960002
27/01/2050 04:00,178213853.46960002
27/01/2050 05:00,178213853.46960002
27/01/2050 06:00,178213853.46960002
27/01/2050 07:00,178213853.46960002
27/01/2050 08:00,178213853.46960002
27/01/2050 09:00,178213853.46960002
27/01/2050 10:00,178213853.46960002
27/01/2050 11:00,178213853.46960002
27/01/2050 12:00,178213853.46960002
27/01/2050 13:00,178213853.46960002
27/01/2050 14:00,178213853.46960002
27/01/2050 15:00,178213853.46960002
27/01/2050 16:00,178213853.46960002
27/01/2050 17:00,178213853.46960002
27/01/2050 18:00,178213853.46960002
27/01/2050 19:00,178213853.46960002
27/01/2050 20:00,178213853.46960002
27/01/2050 21:00,178213853.46960002
27/01/2050 22:00,178213853.46960002
27/01/2050 23:00,178213853.46960002
28/01/2050 00:00,202260447.2772
28/01/2050 01:00,202260447.2772
28/01/2050 02:00,202260447.2772
28/01/2050 03:00,202260447.2772
28/01/2050 04:00,202260447.2772
28/01/2050 05:00,202260447.2772
28/01/2050 06:00,202260447.2772
28/01/2050 07:00,202260447.2772
28/01/2050 08:00,202260447.2772
28/01/2050 09:00,202260447.2772
28/01/2050 10:00,202260447.2772
28/01/2050 11:00,202260447.2772
28/01/2050 12:00,202260447.2772
28/01/2050 13:00,202260447.2772
28/01/2050 14:00,202260447.2772
28/01/2050 15:00,202260447.2772
28/01/2050 16:00,202260447.2772
28/01/2050 17:00,202260447.2772
28/01/2050 18:00,202260447.2772
28/01/2050 19:00,202260447.2772
28/01/2050 20:00,202260447.2772
28/01/2050 21:00,202260447.2772
28/01/2050 22:00,202260447.2772
28/01/2050 23:00,202260447.2772
29/01/2050 00:00,120183429.92760003
29/01/2050 01:00,120183429.92760003
29/01/2050 02:00,120183429.92760003
29/01/2050 03:00,120183429.92760003
29/01/2050 04:00,120183429.92760003
29/01/2050 05:00,120183429.92760003
29/01/2050 06:00,120183429.92760003
29/01/2050 07:00,120183429.92760003
29/01/2050 08:00,120183429.92760003
29/01/2050 09:00,120183429.92760003
29/01/2050 10:00,120183429.92760003
29/01/2050 11:00,120183429.92760003
29/01/2050 12:00,120183429.92760003
29/01/2050 13:00,120183429.92760003
29/01/2050 14:00,120183429.92760003
29/01/2050 15:00,120183429.92760003
29/01/2050 16:00,120183429.92760003
29/01/2050 17:00,120183429.92760003
29/01/2050 18:00,120183429.92760003
29/01/2050 19:00,120183429.92760003
29/01/2050 20:00,120183429.92760003
29/01/2050 21:00,120183429.92760003
29/01/2050 22:00,120183429.92760003
29/01/2050 23:00,120183429.92760003
30/01/2050 00:00,214473386.08800003
30/01/2050 01:00,214473386.08800003
30/01/2050 02:00,214473386.08800003
30/01/2050 03:00,214473386.08800003
30/01/2050 04:00,214473386.08800003
30/01/2050 05:00,214473386.08800003
30/01/2050 06:00,214473386.08800003
30/01/2050 07:00,214473386.08800003
30/01/2050 08:00,214473386.08800003
30/01/2050 09:00,214473386.08800003
30/01/2050 10:00,214473386.08800003
30/01/2050 11:00,214473386.08800003
30/01/2050 12:00,214473386.08800003
30/01/2050 13:00,214473386.08800003
30/01/2050 14:00,214473386.08800003
30/01/2050 15:00,214473386.08800003
30/01/2050 16:00,214473386.08800003
30/01/2050 17:00,214473386.08800003
30/01/2050 18:00,214473386.08800003
30/01/2050 19:00,214473386.08800003
30/01/2050 20:00,214473386.08800003
30/01/2050 21:00,214473386.08800003
30/01/2050 22:00,214473386.08800003
30/01/2050 23:00,214473386.08800003
31/01/2050 00:00,199681317.34200004
31/01/2050 01:00,199681317.34200004
31/01/2050 02:00,199681317.34200004
31/01/2050 03:00,199681317.34200004
31/01/2050 04:00,199681317.34200004
31/01/2050 05:00,199681317.34200004
31/01/2050 06:00,199681317.34200004
31/01/2050 07:00,199681317.34200004
31/01/2050 08:00,199681317.34200004
31/01/2050 09:00,199681317.34200004
31/01/2050 10:00,199681317.34200004
31/01/2050 11:00,199681317.34200004
31/01/2050 12:00,199681317.34200004
31/01/2050 13:00,199681317.34200004
31/01/2050 14:00,199681317.34200004
31/01/2050 15:00,199681317.34200004
31/01/2050 16:00,199681317.34200004
31/01/2050 17:00,199681317.34200004
31/01/2050 18:00,199681317.34200004
31/01/2050 19:00,199681317.34200004
31/01/2050 20:00,199681317.34200004
31/01/2050 21:00,199681317.34200004
31/01/2050 22:00,199681317.34200004
31/01/2050 23:00,199681317.34200004
01/02/2050 00:00,142561174.95360005
01/02/2050 01:00,142561174.95360005
01/02/2050 02:00,142561174.95360005
01/02/2050 03:00,142561174.95360005
01/02/2050 04:00,142561174.95360005
01/02/2050 05:00,142561174.95360005
01/02/2050 06:00,142561174.95360005
01/02/2050 07:00,142561174.95360005
01/02/2050 08:00,142561174.95360005
01/02/2050 09:00,142561174.95360005
01/02/2050 10:00,142561174.95360005
01/02/2050 11:00,142561174.95360005
01/02/2050 12:00,142561174.95360005
01/02/2050 13:00,142561174.95360005
01/02/2050 14:00,142561174.95360005
01/02/2050 15:00,142561174.95360005
01/02/2050 16:00,142561174.95360005
01/02/2050 17:00,142561174.95360005
01/02/2050 18:00,142561174.95360005
01/02/2050 19:00,142561174.95360005
01/02/2050 20:00,142561174.95360005
01/02/2050 21:00,142561174.95360005
01/02/2050 22:00,142561174.95360005
01/02/2050 23:00,142561174.95360005
02/02/2050 00:00,125038262.74680002
02/02/2050 01:00,125038262.74680002
02/02/2050 02:00,125038262.74680002
02/02/2050 03:00,125038262.74680002
02/02/2050 04:00,125038262.74680002
02/02/2050 05:00,125038262.74680002
02/02/2050 06:00,125038262.74680002
02/02/2050 07:00,125038262.74680002
02/02/2050 08:00,125038262.74680002
02/02/2050 09:00,125038262.74680002
02/02/2050 10:00,125038262.74680002
02/02/2050 11:00,125038262.74680002
02/02/2050 12:00,125038262.74680002
02/02/2050 13:00,125038262.74680002
02/02/2050 14:00,125038262.74680002
02/02/2050 15:00,125038262.74680002
02/02/2050 16:00,125038262.74680002
02/02/2050 17:00,125038262.74680002
02/02/2050 18:00,125038262.74680002
02/02/2050 19:00,125038262.74680002
02/02/2050 20:00,125038262.74680002
02/02/2050 21:00,125038262.74680002
02/02/2050 22:00,125038262.74680002
02/02/2050 23:00,125038262.74680002
03/02/2050 00:00,160084087.1604
03/02/2050 01:00,160084087.1604
03/02/2050 02:00,160084087.1604
03/02/2050 03:00,160084087.1604
03/02/2050 04:00,160084087.1604
03/02/2050 05:00,160084087.1604
03/02/2050 06:00,160084087.1604
03/02/2050 07:00,160084087.1604
03/02/2050 08:00,160084087.1604
03/02/2050 09:00,160084087.1604
03/02/2050 10:00,160084087.1604
03/02/2050 11:00,160084087.1604
03/02/2050 12:00,160084087.1604
03/02/2050 13:00,160084087.1604
03/02/2050 14:00,160084087.1604
03/02/2050 15:00,160084087.1604
03/02/2050 16:00,160084087.1604
03/02/2050 17:00,160084087.1604
03/02/2050 18:00,160084087.1604
03/02/2050 19:00,160084087.1604
03/02/2050 20:00,160084087.1604
03/02/2050 21:00,160084087.1604
03/02/2050 22:00,160084087.1604
03/02/2050 23:00,160084087.1604
04/02/2050 00:00,186861524.42880002
04/02/2050 01:00,186861524.42880002
04/02/2050 02:00,186861524.42880002
04/02/2050 03:00,186861524.42880002
04/02/2050 04:00,186861524.42880002
04/02/2050 05:00,186861524.42880002
04/02/2050 06:00,186861524.42880002
04/02/2050 07:00,186861524.42880002
04/02/2050 08:00,186861524.42880002
04/02/2050 09:00,186861524.42880002
04/02/2050 10:00,186861524.42880002
04/02/2050 11:00,186861524.42880002
04/02/2050 12:00,186861524.42880002
04/02/2050 13:00,186861524.42880002
04/02/2050 14:00,186861524.42880002
04/02/2050 15:00,186861524.42880002
04/02/2050 16:00,186861524.42880002
04/02/2050 17:00,186861524.42880002
04/02/2050 18:00,186861524.42880002
04/02/2050 19:00,186861524.42880002
04/02/2050 20:00,186861524.42880002
04/02/2050 21:00,186861524.42880002
04/02/2050 22:00,186861524.42880002
04/02/2050 23:00,186861524.42880002
05/02/2050 00:00,198467609.1372
05/02/2050 01:00,198467609.1372
05/02/2050 02:00,198467609.1372
05/02/2050 03:00,198467609.1372
05/02/2050 04:00,198467609.1372
05/02/2050 05:00,198467609.1372
05/02/2050 06:00,198467609.1372
05/02/2050 07:00,198467609.1372
05/02/2050 08:00,198467609.1372
05/02/2050 09:00,198467609.1372
05/02/2050 10:00,198467609.1372
05/02/2050 11:00,198467609.1372
05/02/2050 12:00,198467609.1372
05/02/2050 13:00,198467609.1372
05/02/2050 14:00,198467609.1372
05/02/2050 15:00,198467609.1372
05/02/2050 16:00,198467609.1372
05/02/2050 17:00,198467609.1372
05/02/2050 18:00,198467609.1372
05/02/2050 19:00,198467609.1372
05/02/2050 20:00,198467609.1372
05/02/2050 21:00,198467609.1372
05/02/2050 22:00,198467609.1372
05/02/2050 23:00,198467609.1372
06/02/2050 00:00,139071763.8648
06/02/2050 01:00,139071763.8648
06/02/2050 02:00,139071763.8648
06/02/2050 03:00,139071763.8648
06/02/2050 04:00,139071763.8648
06/02/2050 05:00,139071763.8648
06/02/2050 06:00,139071763.8648
06/02/2050 07:00,139071763.8648
06/02/2050 08:00,139071763.8648
06/02/2050 09:00,139071763.8648
06/02/2050 10:00,139071763.8648
06/02/2050 11:00,139071763.8648
06/02/2050 12:00,139071763.8648
06/02/2050 13:00,139071763.8648
06/02/2050 14:00,139071763.8648
06/02/2050 15:00,139071763.8648
06/02/2050 16:00,139071763.8648
06/02/2050 17:00,139071763.8648
06/02/2050 18:00,139071763.8648
06/02/2050 19:00,139071763.8648
06/02/2050 20:00,139071763.8648
06/02/2050 21:00,139071763.8648
06/02/2050 22:00,139071763.8648
06/02/2050 23:00,139071763.8648
07/02/2050 00:00,182158405.1352
07/02/2050 01:00,182158405.1352
07/02/2050 02:00,182158405.1352
07/02/2050 03:00,182158405.1352
07/02/2050 04:00,182158405.1352
07/02/2050 05:00,182158405.1352
07/02/2050 06:00,182158405.1352
07/02/2050 07:00,182158405.1352
07/02/2050 08:00,182158405.1352
07/02/2050 09:00,182158405.1352
07/02/2050 10:00,182158405.1352
07/02/2050 11:00,182158405.1352
07/02/2050 12:00,182158405.1352
07/02/2050 13:00,182158405.1352
07/02/2050 14:00,182158405.1352
07/02/2050 15:00,182158405.1352
07/02/2050 16:00,182158405.1352
07/02/2050 17:00,182158405.1352
07/02/2050 18:00,182158405.1352
07/02/2050 19:00,182158405.1352
07/02/2050 20:00,182158405.1352
07/02/2050 21:00,182158405.1352
07/02/2050 22:00,182158405.1352
07/02/2050 23:00,182158405.1352
08/02/2050 00:00,113280464.5128
08/02/2050 01:00,113280464.5128
08/02/2050 02:00,113280464.5128
08/02/2050 03:00,113280464.5128
08/02/2050 04:00,113280464.5128
08/02/2050 05:00,113280464.5128
08/02/2050 06:00,113280464.5128
08/02/2050 07:00,113280464.5128
08/02/2050 08:00,113280464.5128
08/02/2050 09:00,113280464.5128
08/02/2050 10:00,113280464.5128
08/02/2050 11:00,113280464.5128
08/02/2050 12:00,113280464.5128
08/02/2050 13:00,113280464.5128
08/02/2050 14:00,113280464.5128
08/02/2050 15:00,113280464.5128
08/02/2050 16:00,113280464.5128
08/02/2050 17:00,113280464.5128
08/02/2050 18:00,113280464.5128
08/02/2050 19:00,113280464.5128
08/02/2050 20:00,113280464.5128
08/02/2050 21:00,113280464.5128
08/02/2050 22:00,113280464.5128
08/02/2050 23:00,113280464.5128
09/02/2050 00:00,129437954.98920003
09/02/2050 01:00,129437954.98920003
09/02/2050 02:00,129437954.98920003
09/02/2050 03:00,129437954.98920003
09/02/2050 04:00,129437954.98920003
09/02/2050 05:00,129437954.98920003
09/02/2050 06:00,129437954.98920003
09/02/2050 07:00,129437954.98920003
09/02/2050 08:00,129437954.98920003
09/02/2050 09:00,129437954.98920003
09/02/2050 10:00,129437954.98920003
09/02/2050 11:00,129437954.98920003
09/02/2050 12:00,129437954.98920003
09/02/2050 13:00,129437954.98920003
09/02/2050 14:00,129437954.98920003
09/02/2050 15:00,129437954.98920003
09/02/2050 16:00,129437954.98920003
09/02/2050 17:00,129437954.98920003
09/02/2050 18:00,129437954.98920003
09/02/2050 19:00,129437954.98920003
09/02/2050 20:00,129437954.98920003
09/02/2050 21:00,129437954.98920003
09/02/2050 22:00,129437954.98920003
09/02/2050 23:00,129437954.98920003
10/02/2050 00:00,190350935.51760003
10/02/2050 01:00,190350935.51760003
10/02/2050 02:00,190350935.51760003
10/02/2050 03:00,190350935.51760003
10/02/2050 04:00,190350935.51760003
10/02/2050 05:00,190350935.51760003
10/02/2050 06:00,190350935.51760003
10/02/2050 07:00,190350935.51760003
10/02/2050 08:00,190350935.51760003
10/02/2050 09:00,190350935.51760003
10/02/2050 10:00,190350935.51760003
10/02/2050 11:00,190350935.51760003
10/02/2050 12:00,190350935.51760003
10/02/2050 13:00,190350935.51760003
10/02/2050 14:00,190350935.51760003
10/02/2050 15:00,190350935.51760003
10/02/2050 16:00,190350935.51760003
10/02/2050 17:00,190350935.51760003
10/02/2050 18:00,190350935.51760003
10/02/2050 19:00,190350935.51760003
10/02/2050 20:00,190350935.51760003
10/02/2050 21:00,190350935.51760003
10/02/2050 22:00,190350935.51760003
10/02/2050 23:00,190350935.51760003
11/02/2050 00:00,233513433.55080003
11/02/2050 01:00,233513433.55080003
11/02/2050 02:00,233513433.55080003
11/02/2050 03:00,233513433.55080003
11/02/2050 04:00,233513433.55080003
11/02/2050 05:00,233513433.55080003
11/02/2050 06:00,233513433.55080003
11/02/2050 07:00,233513433.55080003
11/02/2050 08:00,233513433.55080003
11/02/2050 09:00,233513433.55080003
11/02/2050 10:00,233513433.55080003
11/02/2050 11:00,233513433.55080003
11/02/2050 12:00,233513433.55080003
11/02/2050 13:00,233513433.55080003
11/02/2050 14:00,233513433.55080003
11/02/2050 15:00,233513433.55080003
11/02/2050 16:00,233513433.55080003
11/02/2050 17:00,233513433.55080003
11/02/2050 18:00,233513433.55080003
11/02/2050 19:00,233513433.55080003
11/02/2050 20:00,233513433.55080003
11/02/2050 21:00,233513433.55080003
11/02/2050 22:00,233513433.55080003
11/02/2050 23:00,233513433.55080003
12/02/2050 00:00,208784128.8780001
12/02/2050 01:00,208784128.8780001
12/02/2050 02:00,208784128.8780001
12/02/2050 03:00,208784128.8780001
12/02/2050 04:00,208784128.8780001
12/02/2050 05:00,208784128.8780001
12/02/2050 06:00,208784128.8780001
12/02/2050 07:00,208784128.8780001
12/02/2050 08:00,208784128.8780001
12/02/2050 09:00,208784128.8780001
12/02/2050 10:00,208784128.8780001
12/02/2050 11:00,208784128.8780001
12/02/2050 12:00,208784128.8780001
12/02/2050 13:00,208784128.8780001
12/02/2050 14:00,208784128.8780001
12/02/2050 15:00,208784128.8780001
12/02/2050 16:00,208784128.8780001
12/02/2050 17:00,208784128.8780001
12/02/2050 18:00,208784128.8780001
12/02/2050 19:00,208784128.8780001
12/02/2050 20:00,208784128.8780001
12/02/2050 21:00,208784128.8780001
12/02/2050 22:00,208784128.8780001
12/02/2050 23:00,208784128.8780001
13/02/2050 00:00,163952782.0632
13/02/2050 01:00,163952782.0632
13/02/2050 02:00,163952782.0632
13/02/2050 03:00,163952782.0632
13/02/2050 04:00,163952782.0632
13/02/2050 05:00,163952782.0632
13/02/2050 06:00,163952782.0632
13/02/2050 07:00,163952782.0632
13/02/2050 08:00,163952782.0632
13/02/2050 09:00,163952782.0632
13/02/2050 10:00,163952782.0632
13/02/2050 11:00,163952782.0632
13/02/2050 12:00,163952782.0632
13/02/2050 13:00,163952782.0632
13/02/2050 14:00,163952782.0632
13/02/2050 15:00,163952782.0632
13/02/2050 16:00,163952782.0632
13/02/2050 17:00,163952782.0632
13/02/2050 18:00,163952782.0632
13/02/2050 19:00,163952782.0632
13/02/2050 20:00,163952782.0632
13/02/2050 21:00,163952782.0632
13/02/2050 22:00,163952782.0632
13/02/2050 23:00,163952782.0632
14/02/2050 00:00,156367105.78320003
14/02/2050 01:00,156367105.78320003
14/02/2050 02:00,156367105.78320003
14/02/2050 03:00,156367105.78320003
14/02/2050 04:00,156367105.78320003
14/02/2050 05:00,156367105.78320003
14/02/2050 06:00,156367105.78320003
14/02/2050 07:00,156367105.78320003
14/02/2050 08:00,156367105.78320003
14/02/2050 09:00,156367105.78320003
14/02/2050 10:00,156367105.78320003
14/02/2050 11:00,156367105.78320003
14/02/2050 12:00,156367105.78320003
14/02/2050 13:00,156367105.78320003
14/02/2050 14:00,156367105.78320003
14/02/2050 15:00,156367105.78320003
14/02/2050 16:00,156367105.78320003
14/02/2050 17:00,156367105.78320003
14/02/2050 18:00,156367105.78320003
14/02/2050 19:00,156367105.78320003
14/02/2050 20:00,156367105.78320003
14/02/2050 21:00,156367105.78320003
14/02/2050 22:00,156367105.78320003
14/02/2050 23:00,156367105.78320003
15/02/2050 00:00,178062139.94400004
15/02/2050 01:00,178062139.94400004
15/02/2050 02:00,178062139.94400004
15/02/2050 03:00,178062139.94400004
15/02/2050 04:00,178062139.94400004
15/02/2050 05:00,178062139.94400004
15/02/2050 06:00,178062139.94400004
15/02/2050 07:00,178062139.94400004
15/02/2050 08:00,178062139.94400004
15/02/2050 09:00,178062139.94400004
15/02/2050 10:00,178062139.94400004
15/02/2050 11:00,178062139.94400004
15/02/2050 12:00,178062139.94400004
15/02/2050 13:00,178062139.94400004
15/02/2050 14:00,178062139.94400004
15/02/2050 15:00,178062139.94400004
15/02/2050 16:00,178062139.94400004
15/02/2050 17:00,178062139.94400004
15/02/2050 18:00,178062139.94400004
15/02/2050 19:00,178062139.94400004
15/02/2050 20:00,178062139.94400004
15/02/2050 21:00,178062139.94400004
15/02/2050 22:00,178062139.94400004
15/02/2050 23:00,178062139.94400004
16/02/2050 00:00,81536731.42680003
16/02/2050 01:00,81536731.42680003
16/02/2050 02:00,81536731.42680003
16/02/2050 03:00,81536731.42680003
16/02/2050 04:00,81536731.42680003
16/02/2050 05:00,81536731.42680003
16/02/2050 06:00,81536731.42680003
16/02/2050 07:00,81536731.42680003
16/02/2050 08:00,81536731.42680003
16/02/2050 09:00,81536731.42680003
16/02/2050 10:00,81536731.42680003
16/02/2050 11:00,81536731.42680003
16/02/2050 12:00,81536731.42680003
16/02/2050 13:00,81536731.42680003
16/02/2050 14:00,81536731.42680003
16/02/2050 15:00,81536731.42680003
16/02/2050 16:00,81536731.42680003
16/02/2050 17:00,81536731.42680003
16/02/2050 18:00,81536731.42680003
16/02/2050 19:00,81536731.42680003
16/02/2050 20:00,81536731.42680003
16/02/2050 21:00,81536731.42680003
16/02/2050 22:00,81536731.42680003
16/02/2050 23:00,81536731.42680003
17/02/2050 00:00,131941228.16160001
17/02/2050 01:00,131941228.16160001
17/02/2050 02:00,131941228.16160001
17/02/2050 03:00,131941228.16160001
17/02/2050 04:00,131941228.16160001
17/02/2050 05:00,131941228.16160001
17/02/2050 06:00,131941228.16160001
17/02/2050 07:00,131941228.16160001
17/02/2050 08:00,131941228.16160001
17/02/2050 09:00,131941228.16160001
17/02/2050 10:00,131941228.16160001
17/02/2050 11:00,131941228.16160001
17/02/2050 12:00,131941228.16160001
17/02/2050 13:00,131941228.16160001
17/02/2050 14:00,131941228.16160001
17/02/2050 15:00,131941228.16160001
17/02/2050 16:00,131941228.16160001
17/02/2050 17:00,131941228.16160001
17/02/2050 18:00,131941228.16160001
17/02/2050 19:00,131941228.16160001
17/02/2050 20:00,131941228.16160001
17/02/2050 21:00,131941228.16160001
17/02/2050 22:00,131941228.16160001
17/02/2050 23:00,131941228.16160001
18/02/2050 00:00,149160713.31720006
18/02/2050 01:00,149160713.31720006
18/02/2050 02:00,149160713.31720006
18/02/2050 03:00,149160713.31720006
18/02/2050 04:00,149160713.31720006
18/02/2050 05:00,149160713.31720006
18/02/2050 06:00,149160713.31720006
18/02/2050 07:00,149160713.31720006
18/02/2050 08:00,149160713.31720006
18/02/2050 09:00,149160713.31720006
18/02/2050 10:00,149160713.31720006
18/02/2050 11:00,149160713.31720006
18/02/2050 12:00,149160713.31720006
18/02/2050 13:00,149160713.31720006
18/02/2050 14:00,149160713.31720006
18/02/2050 15:00,149160713.31720006
18/02/2050 16:00,149160713.31720006
18/02/2050 17:00,149160713.31720006
18/02/2050 18:00,149160713.31720006
18/02/2050 19:00,149160713.31720006
18/02/2050 20:00,149160713.31720006
18/02/2050 21:00,149160713.31720006
18/02/2050 22:00,149160713.31720006
18/02/2050 23:00,149160713.31720006
19/02/2050 00:00,199302033.52800003
19/02/2050 01:00,199302033.52800003
19/02/2050 02:00,199302033.52800003
19/02/2050 03:00,199302033.52800003
19/02/2050 04:00,199302033.52800003
19/02/2050 05:00,199302033.52800003
19/02/2050 06:00,199302033.52800003
19/02/2050 07:00,199302033.52800003
19/02/2050 08:00,199302033.52800003
19/02/2050 09:00,199302033.52800003
19/02/2050 10:00,199302033.52800003
19/02/2050 11:00,199302033.52800003
19/02/2050 12:00,199302033.52800003
19/02/2050 13:00,199302033.52800003
19/02/2050 14:00,199302033.52800003
19/02/2050 15:00,199302033.52800003
19/02/2050 16:00,199302033.52800003
19/02/2050 17:00,199302033.52800003
19/02/2050 18:00,199302033.52800003
19/02/2050 19:00,199302033.52800003
19/02/2050 20:00,199302033.52800003
19/02/2050 21:00,199302033.52800003
19/02/2050 22:00,199302033.52800003
19/02/2050 23:00,199302033.52800003
20/02/2050 00:00,131106803.7708
20/02/2050 01:00,131106803.7708
20/02/2050 02:00,131106803.7708
20/02/2050 03:00,131106803.7708
20/02/2050 04:00,131106803.7708
20/02/2050 05:00,131106803.7708
20/02/2050 06:00,131106803.7708
20/02/2050 07:00,131106803.7708
20/02/2050 08:00,131106803.7708
20/02/2050 09:00,131106803.7708
20/02/2050 10:00,131106803.7708
20/02/2050 11:00,131106803.7708
20/02/2050 12:00,131106803.7708
20/02/2050 13:00,131106803.7708
20/02/2050 14:00,131106803.7708
20/02/2050 15:00,131106803.7708
20/02/2050 16:00,131106803.7708
20/02/2050 17:00,131106803.7708
20/02/2050 18:00,131106803.7708
20/02/2050 19:00,131106803.7708
20/02/2050 20:00,131106803.7708
20/02/2050 21:00,131106803.7708
20/02/2050 22:00,131106803.7708
20/02/2050 23:00,131106803.7708
21/02/2050 00:00,170704033.95239997
21/02/2050 01:00,170704033.95239997
21/02/2050 02:00,170704033.95239997
21/02/2050 03:00,170704033.95239997
21/02/2050 04:00,170704033.95239997
21/02/2050 05:00,170704033.95239997
21/02/2050 06:00,170704033.95239997
21/02/2050 07:00,170704033.95239997
21/02/2050 08:00,170704033.95239997
21/02/2050 09:00,170704033.95239997
21/02/2050 10:00,170704033.95239997
21/02/2050 11:00,170704033.95239997
21/02/2050 12:00,170704033.95239997
21/02/2050 13:00,170704033.95239997
21/02/2050 14:00,170704033.95239997
21/02/2050 15:00,170704033.95239997
21/02/2050 16:00,170704033.95239997
21/02/2050 17:00,170704033.95239997
21/02/2050 18:00,170704033.95239997
21/02/2050 19:00,170704033.95239997
21/02/2050 20:00,170704033.95239997
21/02/2050 21:00,170704033.95239997
21/02/2050 22:00,170704033.95239997
21/02/2050 23:00,170704033.95239997
22/02/2050 00:00,156973959.8856
22/02/2050 01:00,156973959.8856
22/02/2050 02:00,156973959.8856
22/02/2050 03:00,156973959.8856
22/02/2050 04:00,156973959.8856
22/02/2050 05:00,156973959.8856
22/02/2050 06:00,156973959.8856
22/02/2050 07:00,156973959.8856
22/02/2050 08:00,156973959.8856
22/02/2050 09:00,156973959.8856
22/02/2050 10:00,156973959.8856
22/02/2050 11:00,156973959.8856
22/02/2050 12:00,156973959.8856
22/02/2050 13:00,156973959.8856
22/02/2050 14:00,156973959.8856
22/02/2050 15:00,156973959.8856
22/02/2050 16:00,156973959.8856
22/02/2050 17:00,156973959.8856
22/02/2050 18:00,156973959.8856
22/02/2050 19:00,156973959.8856
22/02/2050 20:00,156973959.8856
22/02/2050 21:00,156973959.8856
22/02/2050 22:00,156973959.8856
22/02/2050 23:00,156973959.8856
23/02/2050 00:00,183372113.34
23/02/2050 01:00,183372113.34
23/02/2050 02:00,183372113.34
23/02/2050 03:00,183372113.34
23/02/2050 04:00,183372113.34
23/02/2050 05:00,183372113.34
23/02/2050 06:00,183372113.34
23/02/2050 07:00,183372113.34
23/02/2050 08:00,183372113.34
23/02/2050 09:00,183372113.34
23/02/2050 10:00,183372113.34
23/02/2050 11:00,183372113.34
23/02/2050 12:00,183372113.34
23/02/2050 13:00,183372113.34
23/02/2050 14:00,183372113.34
23/02/2050 15:00,183372113.34
23/02/2050 16:00,183372113.34
23/02/2050 17:00,183372113.34
23/02/2050 18:00,183372113.34
23/02/2050 19:00,183372113.34
23/02/2050 20:00,183372113.34
23/02/2050 21:00,183372113.34
23/02/2050 22:00,183372113.34
23/02/2050 23:00,183372113.34
24/02/2050 00:00,192247354.5876
24/02/2050 01:00,192247354.5876
24/02/2050 02:00,192247354.5876
24/02/2050 03:00,192247354.5876
24/02/2050 04:00,192247354.5876
24/02/2050 05:00,192247354.5876
24/02/2050 06:00,192247354.5876
24/02/2050 07:00,192247354.5876
24/02/2050 08:00,192247354.5876
24/02/2050 09:00,192247354.5876
24/02/2050 10:00,192247354.5876
24/02/2050 11:00,192247354.5876
24/02/2050 12:00,192247354.5876
24/02/2050 13:00,192247354.5876
24/02/2050 14:00,192247354.5876
24/02/2050 15:00,192247354.5876
24/02/2050 16:00,192247354.5876
24/02/2050 17:00,192247354.5876
24/02/2050 18:00,192247354.5876
24/02/2050 19:00,192247354.5876
24/02/2050 20:00,192247354.5876
24/02/2050 21:00,192247354.5876
24/02/2050 22:00,192247354.5876
24/02/2050 23:00,192247354.5876
25/02/2050 00:00,205598144.84040004
25/02/2050 01:00,205598144.84040004
25/02/2050 02:00,205598144.84040004
25/02/2050 03:00,205598144.84040004
25/02/2050 04:00,205598144.84040004
25/02/2050 05:00,205598144.84040004
25/02/2050 06:00,205598144.84040004
25/02/2050 07:00,205598144.84040004
25/02/2050 08:00,205598144.84040004
25/02/2050 09:00,205598144.84040004
25/02/2050 10:00,205598144.84040004
25/02/2050 11:00,205598144.84040004
25/02/2050 12:00,205598144.84040004
25/02/2050 13:00,205598144.84040004
25/02/2050 14:00,205598144.84040004
25/02/2050 15:00,205598144.84040004
25/02/2050 16:00,205598144.84040004
25/02/2050 17:00,205598144.84040004
25/02/2050 18:00,205598144.84040004
25/02/2050 19:00,205598144.84040004
25/02/2050 20:00,205598144.84040004
25/02/2050 21:00,205598144.84040004
25/02/2050 22:00,205598144.84040004
25/02/2050 23:00,205598144.84040004
26/02/2050 00:00,196647046.83
26/02/2050 01:00,196647046.83
26/02/2050 02:00,196647046.83
26/02/2050 03:00,196647046.83
26/02/2050 04:00,196647046.83
26/02/2050 05:00,196647046.83
26/02/2050 06:00,196647046.83
26/02/2050 07:00,196647046.83
26/02/2050 08:00,196647046.83
26/02/2050 09:00,196647046.83
26/02/2050 10:00,196647046.83
26/02/2050 11:00,196647046.83
26/02/2050 12:00,196647046.83
26/02/2050 13:00,196647046.83
26/02/2050 14:00,196647046.83
26/02/2050 15:00,196647046.83
26/02/2050 16:00,196647046.83
26/02/2050 17:00,196647046.83
26/02/2050 18:00,196647046.83
26/02/2050 19:00,196647046.83
26/02/2050 20:00,196647046.83
26/02/2050 21:00,196647046.83
26/02/2050 22:00,196647046.83
26/02/2050 23:00,196647046.83
27/02/2050 00:00,202412160.80280003
27/02/2050 01:00,202412160.80280003
27/02/2050 02:00,202412160.80280003
27/02/2050 03:00,202412160.80280003
27/02/2050 04:00,202412160.80280003
27/02/2050 05:00,202412160.80280003
27/02/2050 06:00,202412160.80280003
27/02/2050 07:00,202412160.80280003
27/02/2050 08:00,202412160.80280003
27/02/2050 09:00,202412160.80280003
27/02/2050 10:00,202412160.80280003
27/02/2050 11:00,202412160.80280003
27/02/2050 12:00,202412160.80280003
27/02/2050 13:00,202412160.80280003
27/02/2050 14:00,202412160.80280003
27/02/2050 15:00,202412160.80280003
27/02/2050 16:00,202412160.80280003
27/02/2050 17:00,202412160.80280003
27/02/2050 18:00,202412160.80280003
27/02/2050 19:00,202412160.80280003
27/02/2050 20:00,202412160.80280003
27/02/2050 21:00,202412160.80280003
27/02/2050 22:00,202412160.80280003
27/02/2050 23:00,202412160.80280003
28/02/2050 00:00,168276617.5428
28/02/2050 01:00,168276617.5428
28/02/2050 02:00,168276617.5428
28/02/2050 03:00,168276617.5428
28/02/2050 04:00,168276617.5428
28/02/2050 05:00,168276617.5428
28/02/2050 06:00,168276617.5428
28/02/2050 07:00,168276617.5428
28/02/2050 08:00,168276617.5428
28/02/2050 09:00,168276617.5428
28/02/2050 10:00,168276617.5428
28/02/2050 11:00,168276617.5428
28/02/2050 12:00,168276617.5428
28/02/2050 13:00,168276617.5428
28/02/2050 14:00,168276617.5428
28/02/2050 15:00,168276617.5428
28/02/2050 16:00,168276617.5428
28/02/2050 17:00,168276617.5428
28/02/2050 18:00,168276617.5428
28/02/2050 19:00,168276617.5428
28/02/2050 20:00,168276617.5428
28/02/2050 21:00,168276617.5428
28/02/2050 22:00,168276617.5428
28/02/2050 23:00,168276617.5428
01/03/2050 00:00,166380198.47280002
01/03/2050 01:00,166380198.47280002
01/03/2050 02:00,166380198.47280002
01/03/2050 03:00,166380198.47280002
01/03/2050 04:00,166380198.47280002
01/03/2050 05:00,166380198.47280002
01/03/2050 06:00,166380198.47280002
01/03/2050 07:00,166380198.47280002
01/03/2050 08:00,166380198.47280002
01/03/2050 09:00,166380198.47280002
01/03/2050 10:00,166380198.47280002
01/03/2050 11:00,166380198.47280002
01/03/2050 12:00,166380198.47280002
01/03/2050 13:00,166380198.47280002
01/03/2050 14:00,166380198.47280002
01/03/2050 15:00,166380198.47280002
01/03/2050 16:00,166380198.47280002
01/03/2050 17:00,166380198.47280002
01/03/2050 18:00,166380198.47280002
01/03/2050 19:00,166380198.47280002
01/03/2050 20:00,166380198.47280002
01/03/2050 21:00,166380198.47280002
01/03/2050 22:00,166380198.47280002
01/03/2050 23:00,166380198.47280002
02/03/2050 00:00,173965874.75280002
02/03/2050 01:00,173965874.75280002
02/03/2050 02:00,173965874.75280002
02/03/2050 03:00,173965874.75280002
02/03/2050 04:00,173965874.75280002
02/03/2050 05:00,173965874.75280002
02/03/2050 06:00,173965874.75280002
02/03/2050 07:00,173965874.75280002
02/03/2050 08:00,173965874.75280002
02/03/2050 09:00,173965874.75280002
02/03/2050 10:00,173965874.75280002
02/03/2050 11:00,173965874.75280002
02/03/2050 12:00,173965874.75280002
02/03/2050 13:00,173965874.75280002
02/03/2050 14:00,173965874.75280002
02/03/2050 15:00,173965874.75280002
02/03/2050 16:00,173965874.75280002
02/03/2050 17:00,173965874.75280002
02/03/2050 18:00,173965874.75280002
02/03/2050 19:00,173965874.75280002
02/03/2050 20:00,173965874.75280002
02/03/2050 21:00,173965874.75280002
02/03/2050 22:00,173965874.75280002
02/03/2050 23:00,173965874.75280002
03/03/2050 00:00,160615084.5
03/03/2050 01:00,160615084.5
03/03/2050 02:00,160615084.5
03/03/2050 03:00,160615084.5
03/03/2050 04:00,160615084.5
03/03/2050 05:00,160615084.5
03/03/2050 06:00,160615084.5
03/03/2050 07:00,160615084.5
03/03/2050 08:00,160615084.5
03/03/2050 09:00,160615084.5
03/03/2050 10:00,160615084.5
03/03/2050 11:00,160615084.5
03/03/2050 12:00,160615084.5
03/03/2050 13:00,160615084.5
03/03/2050 14:00,160615084.5
03/03/2050 15:00,160615084.5
03/03/2050 16:00,160615084.5
03/03/2050 17:00,160615084.5
03/03/2050 18:00,160615084.5
03/03/2050 19:00,160615084.5
03/03/2050 20:00,160615084.5
03/03/2050 21:00,160615084.5
03/03/2050 22:00,160615084.5
03/03/2050 23:00,160615084.5
04/03/2050 00:00,148781429.50320002
04/03/2050 01:00,148781429.50320002
04/03/2050 02:00,148781429.50320002
04/03/2050 03:00,148781429.50320002
04/03/2050 04:00,148781429.50320002
04/03/2050 05:00,148781429.50320002
04/03/2050 06:00,148781429.50320002
04/03/2050 07:00,148781429.50320002
04/03/2050 08:00,148781429.50320002
04/03/2050 09:00,148781429.50320002
04/03/2050 10:00,148781429.50320002
04/03/2050 11:00,148781429.50320002
04/03/2050 12:00,148781429.50320002
04/03/2050 13:00,148781429.50320002
04/03/2050 14:00,148781429.50320002
04/03/2050 15:00,148781429.50320002
04/03/2050 16:00,148781429.50320002
04/03/2050 17:00,148781429.50320002
04/03/2050 18:00,148781429.50320002
04/03/2050 19:00,148781429.50320002
04/03/2050 20:00,148781429.50320002
04/03/2050 21:00,148781429.50320002
04/03/2050 22:00,148781429.50320002
04/03/2050 23:00,148781429.50320002
05/03/2050 00:00,197709041.50920004
05/03/2050 01:00,197709041.50920004
05/03/2050 02:00,197709041.50920004
05/03/2050 03:00,197709041.50920004
05/03/2050 04:00,197709041.50920004
05/03/2050 05:00,197709041.50920004
05/03/2050 06:00,197709041.50920004
05/03/2050 07:00,197709041.50920004
05/03/2050 08:00,197709041.50920004
05/03/2050 09:00,197709041.50920004
05/03/2050 10:00,197709041.50920004
05/03/2050 11:00,197709041.50920004
05/03/2050 12:00,197709041.50920004
05/03/2050 13:00,197709041.50920004
05/03/2050 14:00,197709041.50920004
05/03/2050 15:00,197709041.50920004
05/03/2050 16:00,197709041.50920004
05/03/2050 17:00,197709041.50920004
05/03/2050 18:00,197709041.50920004
05/03/2050 19:00,197709041.50920004
05/03/2050 20:00,197709041.50920004
05/03/2050 21:00,197709041.50920004
05/03/2050 22:00,197709041.50920004
05/03/2050 23:00,197709041.50920004
06/03/2050 00:00,205901571.8916
06/03/2050 01:00,205901571.8916
06/03/2050 02:00,205901571.8916
06/03/2050 03:00,205901571.8916
06/03/2050 04:00,205901571.8916
06/03/2050 05:00,205901571.8916
06/03/2050 06:00,205901571.8916
06/03/2050 07:00,205901571.8916
06/03/2050 08:00,205901571.8916
06/03/2050 09:00,205901571.8916
06/03/2050 10:00,205901571.8916
06/03/2050 11:00,205901571.8916
06/03/2050 12:00,205901571.8916
06/03/2050 13:00,205901571.8916
06/03/2050 14:00,205901571.8916
06/03/2050 15:00,205901571.8916
06/03/2050 16:00,205901571.8916
06/03/2050 17:00,205901571.8916
06/03/2050 18:00,205901571.8916
06/03/2050 19:00,205901571.8916
06/03/2050 20:00,205901571.8916
06/03/2050 21:00,205901571.8916
06/03/2050 22:00,205901571.8916
06/03/2050 23:00,205901571.8916
07/03/2050 00:00,218645508.042
07/03/2050 01:00,218645508.042
07/03/2050 02:00,218645508.042
07/03/2050 03:00,218645508.042
07/03/2050 04:00,218645508.042
07/03/2050 05:00,218645508.042
07/03/2050 06:00,218645508.042
07/03/2050 07:00,218645508.042
07/03/2050 08:00,218645508.042
07/03/2050 09:00,218645508.042
07/03/2050 10:00,218645508.042
07/03/2050 11:00,218645508.042
07/03/2050 12:00,218645508.042
07/03/2050 13:00,218645508.042
07/03/2050 14:00,218645508.042
07/03/2050 15:00,218645508.042
07/03/2050 16:00,218645508.042
07/03/2050 17:00,218645508.042
07/03/2050 18:00,218645508.042
07/03/2050 19:00,218645508.042
07/03/2050 20:00,218645508.042
07/03/2050 21:00,218645508.042
07/03/2050 22:00,218645508.042
07/03/2050 23:00,218645508.042
08/03/2050 00:00,210604691.1852
08/03/2050 01:00,210604691.1852
08/03/2050 02:00,210604691.1852
08/03/2050 03:00,210604691.1852
08/03/2050 04:00,210604691.1852
08/03/2050 05:00,210604691.1852
08/03/2050 06:00,210604691.1852
08/03/2050 07:00,210604691.1852
08/03/2050 08:00,210604691.1852
08/03/2050 09:00,210604691.1852
08/03/2050 10:00,210604691.1852
08/03/2050 11:00,210604691.1852
08/03/2050 12:00,210604691.1852
08/03/2050 13:00,210604691.1852
08/03/2050 14:00,210604691.1852
08/03/2050 15:00,210604691.1852
08/03/2050 16:00,210604691.1852
08/03/2050 17:00,210604691.1852
08/03/2050 18:00,210604691.1852
08/03/2050 19:00,210604691.1852
08/03/2050 20:00,210604691.1852
08/03/2050 21:00,210604691.1852
08/03/2050 22:00,210604691.1852
08/03/2050 23:00,210604691.1852
09/03/2050 00:00,158794522.19280002
09/03/2050 01:00,158794522.19280002
09/03/2050 02:00,158794522.19280002
09/03/2050 03:00,158794522.19280002
09/03/2050 04:00,158794522.19280002
09/03/2050 05:00,158794522.19280002
09/03/2050 06:00,158794522.19280002
09/03/2050 07:00,158794522.19280002
09/03/2050 08:00,158794522.19280002
09/03/2050 09:00,158794522.19280002
09/03/2050 10:00,158794522.19280002
09/03/2050 11:00,158794522.19280002
09/03/2050 12:00,158794522.19280002
09/03/2050 13:00,158794522.19280002
09/03/2050 14:00,158794522.19280002
09/03/2050 15:00,158794522.19280002
09/03/2050 16:00,158794522.19280002
09/03/2050 17:00,158794522.19280002
09/03/2050 18:00,158794522.19280002
09/03/2050 19:00,158794522.19280002
09/03/2050 20:00,158794522.19280002
09/03/2050 21:00,158794522.19280002
09/03/2050 22:00,158794522.19280002
09/03/2050 23:00,158794522.19280002
10/03/2050 00:00,130727519.95680004
10/03/2050 01:00,130727519.95680004
10/03/2050 02:00,130727519.95680004
10/03/2050 03:00,130727519.95680004
10/03/2050 04:00,130727519.95680004
10/03/2050 05:00,130727519.95680004
10/03/2050 06:00,130727519.95680004
10/03/2050 07:00,130727519.95680004
10/03/2050 08:00,130727519.95680004
10/03/2050 09:00,130727519.95680004
10/03/2050 10:00,130727519.95680004
10/03/2050 11:00,130727519.95680004
10/03/2050 12:00,130727519.95680004
10/03/2050 13:00,130727519.95680004
10/03/2050 14:00,130727519.95680004
10/03/2050 15:00,130727519.95680004
10/03/2050 16:00,130727519.95680004
10/03/2050 17:00,130727519.95680004
10/03/2050 18:00,130727519.95680004
10/03/2050 19:00,130727519.95680004
10/03/2050 20:00,130727519.95680004
10/03/2050 21:00,130727519.95680004
10/03/2050 22:00,130727519.95680004
10/03/2050 23:00,130727519.95680004
11/03/2050 00:00,139754474.73000005
11/03/2050 01:00,139754474.73000005
11/03/2050 02:00,139754474.73000005
11/03/2050 03:00,139754474.73000005
11/03/2050 04:00,139754474.73000005
11/03/2050 05:00,139754474.73000005
11/03/2050 06:00,139754474.73000005
11/03/2050 07:00,139754474.73000005
11/03/2050 08:00,139754474.73000005
11/03/2050 09:00,139754474.73000005
11/03/2050 10:00,139754474.73000005
11/03/2050 11:00,139754474.73000005
11/03/2050 12:00,139754474.73000005
11/03/2050 13:00,139754474.73000005
11/03/2050 14:00,139754474.73000005
11/03/2050 15:00,139754474.73000005
11/03/2050 16:00,139754474.73000005
11/03/2050 17:00,139754474.73000005
11/03/2050 18:00,139754474.73000005
11/03/2050 19:00,139754474.73000005
11/03/2050 20:00,139754474.73000005
11/03/2050 21:00,139754474.73000005
11/03/2050 22:00,139754474.73000005
11/03/2050 23:00,139754474.73000005
12/03/2050 00:00,131637801.11040004
12/03/2050 01:00,131637801.11040004
12/03/2050 02:00,131637801.11040004
12/03/2050 03:00,131637801.11040004
12/03/2050 04:00,131637801.11040004
12/03/2050 05:00,131637801.11040004
12/03/2050 06:00,131637801.11040004
12/03/2050 07:00,131637801.11040004
12/03/2050 08:00,131637801.11040004
12/03/2050 09:00,131637801.11040004
12/03/2050 10:00,131637801.11040004
12/03/2050 11:00,131637801.11040004
12/03/2050 12:00,131637801.11040004
12/03/2050 13:00,131637801.11040004
12/03/2050 14:00,131637801.11040004
12/03/2050 15:00,131637801.11040004
12/03/2050 16:00,131637801.11040004
12/03/2050 17:00,131637801.11040004
12/03/2050 18:00,131637801.11040004
12/03/2050 19:00,131637801.11040004
12/03/2050 20:00,131637801.11040004
12/03/2050 21:00,131637801.11040004
12/03/2050 22:00,131637801.11040004
12/03/2050 23:00,131637801.11040004
13/03/2050 00:00,147871148.3496
13/03/2050 01:00,147871148.3496
13/03/2050 02:00,147871148.3496
13/03/2050 03:00,147871148.3496
13/03/2050 04:00,147871148.3496
13/03/2050 05:00,147871148.3496
13/03/2050 06:00,147871148.3496
13/03/2050 07:00,147871148.3496
13/03/2050 08:00,147871148.3496
13/03/2050 09:00,147871148.3496
13/03/2050 10:00,147871148.3496
13/03/2050 11:00,147871148.3496
13/03/2050 12:00,147871148.3496
13/03/2050 13:00,147871148.3496
13/03/2050 14:00,147871148.3496
13/03/2050 15:00,147871148.3496
13/03/2050 16:00,147871148.3496
13/03/2050 17:00,147871148.3496
13/03/2050 18:00,147871148.3496
13/03/2050 19:00,147871148.3496
13/03/2050 20:00,147871148.3496
13/03/2050 21:00,147871148.3496
13/03/2050 22:00,147871148.3496
13/03/2050 23:00,147871148.3496
14/03/2050 00:00,146429869.8564
14/03/2050 01:00,146429869.8564
14/03/2050 02:00,146429869.8564
14/03/2050 03:00,146429869.8564
14/03/2050 04:00,146429869.8564
14/03/2050 05:00,146429869.8564
14/03/2050 06:00,146429869.8564
14/03/2050 07:00,146429869.8564
14/03/2050 08:00,146429869.8564
14/03/2050 09:00,146429869.8564
14/03/2050 10:00,146429869.8564
14/03/2050 11:00,146429869.8564
14/03/2050 12:00,146429869.8564
14/03/2050 13:00,146429869.8564
14/03/2050 14:00,146429869.8564
14/03/2050 15:00,146429869.8564
14/03/2050 16:00,146429869.8564
14/03/2050 17:00,146429869.8564
14/03/2050 18:00,146429869.8564
14/03/2050 19:00,146429869.8564
14/03/2050 20:00,146429869.8564
14/03/2050 21:00,146429869.8564
14/03/2050 22:00,146429869.8564
14/03/2050 23:00,146429869.8564
15/03/2050 00:00,154698257.00160003
15/03/2050 01:00,154698257.00160003
15/03/2050 02:00,154698257.00160003
15/03/2050 03:00,154698257.00160003
15/03/2050 04:00,154698257.00160003
15/03/2050 05:00,154698257.00160003
15/03/2050 06:00,154698257.00160003
15/03/2050 07:00,154698257.00160003
15/03/2050 08:00,154698257.00160003
15/03/2050 09:00,154698257.00160003
15/03/2050 10:00,154698257.00160003
15/03/2050 11:00,154698257.00160003
15/03/2050 12:00,154698257.00160003
15/03/2050 13:00,154698257.00160003
15/03/2050 14:00,154698257.00160003
15/03/2050 15:00,154698257.00160003
15/03/2050 16:00,154698257.00160003
15/03/2050 17:00,154698257.00160003
15/03/2050 18:00,154698257.00160003
15/03/2050 19:00,154698257.00160003
15/03/2050 20:00,154698257.00160003
15/03/2050 21:00,154698257.00160003
15/03/2050 22:00,154698257.00160003
15/03/2050 23:00,154698257.00160003
16/03/2050 00:00,140133758.54400003
16/03/2050 01:00,140133758.54400003
16/03/2050 02:00,140133758.54400003
16/03/2050 03:00,140133758.54400003
16/03/2050 04:00,140133758.54400003
16/03/2050 05:00,140133758.54400003
16/03/2050 06:00,140133758.54400003
16/03/2050 07:00,140133758.54400003
16/03/2050 08:00,140133758.54400003
16/03/2050 09:00,140133758.54400003
16/03/2050 10:00,140133758.54400003
16/03/2050 11:00,140133758.54400003
16/03/2050 12:00,140133758.54400003
16/03/2050 13:00,140133758.54400003
16/03/2050 14:00,140133758.54400003
16/03/2050 15:00,140133758.54400003
16/03/2050 16:00,140133758.54400003
16/03/2050 17:00,140133758.54400003
16/03/2050 18:00,140133758.54400003
16/03/2050 19:00,140133758.54400003
16/03/2050 20:00,140133758.54400003
16/03/2050 21:00,140133758.54400003
16/03/2050 22:00,140133758.54400003
16/03/2050 23:00,140133758.54400003
17/03/2050 00:00,155077540.8156
17/03/2050 01:00,155077540.8156
17/03/2050 02:00,155077540.8156
17/03/2050 03:00,155077540.8156
17/03/2050 04:00,155077540.8156
17/03/2050 05:00,155077540.8156
17/03/2050 06:00,155077540.8156
17/03/2050 07:00,155077540.8156
17/03/2050 08:00,155077540.8156
17/03/2050 09:00,155077540.8156
17/03/2050 10:00,155077540.8156
17/03/2050 11:00,155077540.8156
17/03/2050 12:00,155077540.8156
17/03/2050 13:00,155077540.8156
17/03/2050 14:00,155077540.8156
17/03/2050 15:00,155077540.8156
17/03/2050 16:00,155077540.8156
17/03/2050 17:00,155077540.8156
17/03/2050 18:00,155077540.8156
17/03/2050 19:00,155077540.8156
17/03/2050 20:00,155077540.8156
17/03/2050 21:00,155077540.8156
17/03/2050 22:00,155077540.8156
17/03/2050 23:00,155077540.8156
18/03/2050 00:00,145974729.27960002
18/03/2050 01:00,145974729.27960002
18/03/2050 02:00,145974729.27960002
18/03/2050 03:00,145974729.27960002
18/03/2050 04:00,145974729.27960002
18/03/2050 05:00,145974729.27960002
18/03/2050 06:00,145974729.27960002
18/03/2050 07:00,145974729.27960002
18/03/2050 08:00,145974729.27960002
18/03/2050 09:00,145974729.27960002
18/03/2050 10:00,145974729.27960002
18/03/2050 11:00,145974729.27960002
18/03/2050 12:00,145974729.27960002
18/03/2050 13:00,145974729.27960002
18/03/2050 14:00,145974729.27960002
18/03/2050 15:00,145974729.27960002
18/03/2050 16:00,145974729.27960002
18/03/2050 17:00,145974729.27960002
18/03/2050 18:00,145974729.27960002
18/03/2050 19:00,145974729.27960002
18/03/2050 20:00,145974729.27960002
18/03/2050 21:00,145974729.27960002
18/03/2050 22:00,145974729.27960002
18/03/2050 23:00,145974729.27960002
19/03/2050 00:00,133534220.18040003
19/03/2050 01:00,133534220.18040003
19/03/2050 02:00,133534220.18040003
19/03/2050 03:00,133534220.18040003
19/03/2050 04:00,133534220.18040003
19/03/2050 05:00,133534220.18040003
19/03/2050 06:00,133534220.18040003
19/03/2050 07:00,133534220.18040003
19/03/2050 08:00,133534220.18040003
19/03/2050 09:00,133534220.18040003
19/03/2050 10:00,133534220.18040003
19/03/2050 11:00,133534220.18040003
19/03/2050 12:00,133534220.18040003
19/03/2050 13:00,133534220.18040003
19/03/2050 14:00,133534220.18040003
19/03/2050 15:00,133534220.18040003
19/03/2050 16:00,133534220.18040003
19/03/2050 17:00,133534220.18040003
19/03/2050 18:00,133534220.18040003
19/03/2050 19:00,133534220.18040003
19/03/2050 20:00,133534220.18040003
19/03/2050 21:00,133534220.18040003
19/03/2050 22:00,133534220.18040003
19/03/2050 23:00,133534220.18040003
20/03/2050 00:00,186254670.32640004
20/03/2050 01:00,186254670.32640004
20/03/2050 02:00,186254670.32640004
20/03/2050 03:00,186254670.32640004
20/03/2050 04:00,186254670.32640004
20/03/2050 05:00,186254670.32640004
20/03/2050 06:00,186254670.32640004
20/03/2050 07:00,186254670.32640004
20/03/2050 08:00,186254670.32640004
20/03/2050 09:00,186254670.32640004
20/03/2050 10:00,186254670.32640004
20/03/2050 11:00,186254670.32640004
20/03/2050 12:00,186254670.32640004
20/03/2050 13:00,186254670.32640004
20/03/2050 14:00,186254670.32640004
20/03/2050 15:00,186254670.32640004
20/03/2050 16:00,186254670.32640004
20/03/2050 17:00,186254670.32640004
20/03/2050 18:00,186254670.32640004
20/03/2050 19:00,186254670.32640004
20/03/2050 20:00,186254670.32640004
20/03/2050 21:00,186254670.32640004
20/03/2050 22:00,186254670.32640004
20/03/2050 23:00,186254670.32640004
21/03/2050 00:00,151512272.96400002
21/03/2050 01:00,151512272.96400002
21/03/2050 02:00,151512272.96400002
21/03/2050 03:00,151512272.96400002
21/03/2050 04:00,151512272.96400002
21/03/2050 05:00,151512272.96400002
21/03/2050 06:00,151512272.96400002
21/03/2050 07:00,151512272.96400002
21/03/2050 08:00,151512272.96400002
21/03/2050 09:00,151512272.96400002
21/03/2050 10:00,151512272.96400002
21/03/2050 11:00,151512272.96400002
21/03/2050 12:00,151512272.96400002
21/03/2050 13:00,151512272.96400002
21/03/2050 14:00,151512272.96400002
21/03/2050 15:00,151512272.96400002
21/03/2050 16:00,151512272.96400002
21/03/2050 17:00,151512272.96400002
21/03/2050 18:00,151512272.96400002
21/03/2050 19:00,151512272.96400002
21/03/2050 20:00,151512272.96400002
21/03/2050 21:00,151512272.96400002
21/03/2050 22:00,151512272.96400002
21/03/2050 23:00,151512272.96400002
22/03/2050 00:00,100402617.95460004
22/03/2050 01:00,100402617.95460004
22/03/2050 02:00,100402617.95460004
22/03/2050 03:00,100402617.95460004
22/03/2050 04:00,100402617.95460004
22/03/2050 05:00,100402617.95460004
22/03/2050 06:00,100402617.95460004
22/03/2050 07:00,100402617.95460004
22/03/2050 08:00,100402617.95460004
22/03/2050 09:00,100402617.95460004
22/03/2050 10:00,100402617.95460004
22/03/2050 11:00,100402617.95460004
22/03/2050 12:00,100402617.95460004
22/03/2050 13:00,100402617.95460004
22/03/2050 14:00,100402617.95460004
22/03/2050 15:00,100402617.95460004
22/03/2050 16:00,100402617.95460004
22/03/2050 17:00,100402617.95460004
22/03/2050 18:00,100402617.95460004
22/03/2050 19:00,100402617.95460004
22/03/2050 20:00,100402617.95460004
22/03/2050 21:00,100402617.95460004
22/03/2050 22:00,100402617.95460004
22/03/2050 23:00,100402617.95460004
23/03/2050 00:00,103455078.6087
23/03/2050 01:00,103455078.6087
23/03/2050 02:00,103455078.6087
23/03/2050 03:00,103455078.6087
23/03/2050 04:00,103455078.6087
23/03/2050 05:00,103455078.6087
23/03/2050 06:00,103455078.6087
23/03/2050 07:00,103455078.6087
23/03/2050 08:00,103455078.6087
23/03/2050 09:00,103455078.6087
23/03/2050 10:00,103455078.6087
23/03/2050 11:00,103455078.6087
23/03/2050 12:00,103455078.6087
23/03/2050 13:00,103455078.6087
23/03/2050 14:00,103455078.6087
23/03/2050 15:00,103455078.6087
23/03/2050 16:00,103455078.6087
23/03/2050 17:00,103455078.6087
23/03/2050 18:00,103455078.6087
23/03/2050 19:00,103455078.6087
23/03/2050 20:00,103455078.6087
23/03/2050 21:00,103455078.6087
23/03/2050 22:00,103455078.6087
23/03/2050 23:00,103455078.6087
24/03/2050 00:00,128203347.47220004
24/03/2050 01:00,128203347.47220004
24/03/2050 02:00,128203347.47220004
24/03/2050 03:00,128203347.47220004
24/03/2050 04:00,128203347.47220004
24/03/2050 05:00,128203347.47220004
24/03/2050 06:00,128203347.47220004
24/03/2050 07:00,128203347.47220004
24/03/2050 08:00,128203347.47220004
24/03/2050 09:00,128203347.47220004
24/03/2050 10:00,128203347.47220004
24/03/2050 11:00,128203347.47220004
24/03/2050 12:00,128203347.47220004
24/03/2050 13:00,128203347.47220004
24/03/2050 14:00,128203347.47220004
24/03/2050 15:00,128203347.47220004
24/03/2050 16:00,128203347.47220004
24/03/2050 17:00,128203347.47220004
24/03/2050 18:00,128203347.47220004
24/03/2050 19:00,128203347.47220004
24/03/2050 20:00,128203347.47220004
24/03/2050 21:00,128203347.47220004
24/03/2050 22:00,128203347.47220004
24/03/2050 23:00,128203347.47220004
25/03/2050 00:00,151967413.54079998
25/03/2050 01:00,151967413.54079998
25/03/2050 02:00,151967413.54079998
25/03/2050 03:00,151967413.54079998
25/03/2050 04:00,151967413.54079998
25/03/2050 05:00,151967413.54079998
25/03/2050 06:00,151967413.54079998
25/03/2050 07:00,151967413.54079998
25/03/2050 08:00,151967413.54079998
25/03/2050 09:00,151967413.54079998
25/03/2050 10:00,151967413.54079998
25/03/2050 11:00,151967413.54079998
25/03/2050 12:00,151967413.54079998
25/03/2050 13:00,151967413.54079998
25/03/2050 14:00,151967413.54079998
25/03/2050 15:00,151967413.54079998
25/03/2050 16:00,151967413.54079998
25/03/2050 17:00,151967413.54079998
25/03/2050 18:00,151967413.54079998
25/03/2050 19:00,151967413.54079998
25/03/2050 20:00,151967413.54079998
25/03/2050 21:00,151967413.54079998
25/03/2050 22:00,151967413.54079998
25/03/2050 23:00,151967413.54079998
26/03/2050 00:00,124507265.40720001
26/03/2050 01:00,124507265.40720001
26/03/2050 02:00,124507265.40720001
26/03/2050 03:00,124507265.40720001
26/03/2050 04:00,124507265.40720001
26/03/2050 05:00,124507265.40720001
26/03/2050 06:00,124507265.40720001
26/03/2050 07:00,124507265.40720001
26/03/2050 08:00,124507265.40720001
26/03/2050 09:00,124507265.40720001
26/03/2050 10:00,124507265.40720001
26/03/2050 11:00,124507265.40720001
26/03/2050 12:00,124507265.40720001
26/03/2050 13:00,124507265.40720001
26/03/2050 14:00,124507265.40720001
26/03/2050 15:00,124507265.40720001
26/03/2050 16:00,124507265.40720001
26/03/2050 17:00,124507265.40720001
26/03/2050 18:00,124507265.40720001
26/03/2050 19:00,124507265.40720001
26/03/2050 20:00,124507265.40720001
26/03/2050 21:00,124507265.40720001
26/03/2050 22:00,124507265.40720001
26/03/2050 23:00,124507265.40720001
27/03/2050 00:00,162132219.75600004
27/03/2050 01:00,162132219.75600004
27/03/2050 02:00,162132219.75600004
27/03/2050 03:00,162132219.75600004
27/03/2050 04:00,162132219.75600004
27/03/2050 05:00,162132219.75600004
27/03/2050 06:00,162132219.75600004
27/03/2050 07:00,162132219.75600004
27/03/2050 08:00,162132219.75600004
27/03/2050 09:00,162132219.75600004
27/03/2050 10:00,162132219.75600004
27/03/2050 11:00,162132219.75600004
27/03/2050 12:00,162132219.75600004
27/03/2050 13:00,162132219.75600004
27/03/2050 14:00,162132219.75600004
27/03/2050 15:00,162132219.75600004
27/03/2050 16:00,162132219.75600004
27/03/2050 17:00,162132219.75600004
27/03/2050 18:00,162132219.75600004
27/03/2050 19:00,162132219.75600004
27/03/2050 20:00,162132219.75600004
27/03/2050 21:00,162132219.75600004
27/03/2050 22:00,162132219.75600004
27/03/2050 23:00,162132219.75600004
28/03/2050 00:00,166911195.8124
28/03/2050 01:00,166911195.8124
28/03/2050 02:00,166911195.8124
28/03/2050 03:00,166911195.8124
28/03/2050 04:00,166911195.8124
28/03/2050 05:00,166911195.8124
28/03/2050 06:00,166911195.8124
28/03/2050 07:00,166911195.8124
28/03/2050 08:00,166911195.8124
28/03/2050 09:00,166911195.8124
28/03/2050 10:00,166911195.8124
28/03/2050 11:00,166911195.8124
28/03/2050 12:00,166911195.8124
28/03/2050 13:00,166911195.8124
28/03/2050 14:00,166911195.8124
28/03/2050 15:00,166911195.8124
28/03/2050 16:00,166911195.8124
28/03/2050 17:00,166911195.8124
28/03/2050 18:00,166911195.8124
28/03/2050 19:00,166911195.8124
28/03/2050 20:00,166911195.8124
28/03/2050 21:00,166911195.8124
28/03/2050 22:00,166911195.8124
28/03/2050 23:00,166911195.8124
29/03/2050 00:00,153408692.034
29/03/2050 01:00,153408692.034
29/03/2050 02:00,153408692.034
29/03/2050 03:00,153408692.034
29/03/2050 04:00,153408692.034
29/03/2050 05:00,153408692.034
29/03/2050 06:00,153408692.034
29/03/2050 07:00,153408692.034
29/03/2050 08:00,153408692.034
29/03/2050 09:00,153408692.034
29/03/2050 10:00,153408692.034
29/03/2050 11:00,153408692.034
29/03/2050 12:00,153408692.034
29/03/2050 13:00,153408692.034
29/03/2050 14:00,153408692.034
29/03/2050 15:00,153408692.034
29/03/2050 16:00,153408692.034
29/03/2050 17:00,153408692.034
29/03/2050 18:00,153408692.034
29/03/2050 19:00,153408692.034
29/03/2050 20:00,153408692.034
29/03/2050 21:00,153408692.034
29/03/2050 22:00,153408692.034
29/03/2050 23:00,153408692.034
30/03/2050 00:00,159325519.5324
30/03/2050 01:00,159325519.5324
30/03/2050 02:00,159325519.5324
30/03/2050 03:00,159325519.5324
30/03/2050 04:00,159325519.5324
30/03/2050 05:00,159325519.5324
30/03/2050 06:00,159325519.5324
30/03/2050 07:00,159325519.5324
30/03/2050 08:00,159325519.5324
30/03/2050 09:00,159325519.5324
30/03/2050 10:00,159325519.5324
30/03/2050 11:00,159325519.5324
30/03/2050 12:00,159325519.5324
30/03/2050 13:00,159325519.5324
30/03/2050 14:00,159325519.5324
30/03/2050 15:00,159325519.5324
30/03/2050 16:00,159325519.5324
30/03/2050 17:00,159325519.5324
30/03/2050 18:00,159325519.5324
30/03/2050 19:00,159325519.5324
30/03/2050 20:00,159325519.5324
30/03/2050 21:00,159325519.5324
30/03/2050 22:00,159325519.5324
30/03/2050 23:00,159325519.5324
31/03/2050 00:00,228658600.73160008
31/03/2050 01:00,228658600.73160008
31/03/2050 02:00,228658600.73160008
31/03/2050 03:00,228658600.73160008
31/03/2050 04:00,228658600.73160008
31/03/2050 05:00,228658600.73160008
31/03/2050 06:00,228658600.73160008
31/03/2050 07:00,228658600.73160008
31/03/2050 08:00,228658600.73160008
31/03/2050 09:00,228658600.73160008
31/03/2050 10:00,228658600.73160008
31/03/2050 11:00,228658600.73160008
31/03/2050 12:00,228658600.73160008
31/03/2050 13:00,228658600.73160008
31/03/2050 14:00,228658600.73160008
31/03/2050 15:00,228658600.73160008
31/03/2050 16:00,228658600.73160008
31/03/2050 17:00,228658600.73160008
31/03/2050 18:00,228658600.73160008
31/03/2050 19:00,228658600.73160008
31/03/2050 20:00,228658600.73160008
31/03/2050 21:00,228658600.73160008
31/03/2050 22:00,228658600.73160008
31/03/2050 23:00,228658600.73160008
01/04/2050 00:00,225320903.16840002
01/04/2050 01:00,225320903.16840002
01/04/2050 02:00,225320903.16840002
01/04/2050 03:00,225320903.16840002
01/04/2050 04:00,225320903.16840002
01/04/2050 05:00,225320903.16840002
01/04/2050 06:00,225320903.16840002
01/04/2050 07:00,225320903.16840002
01/04/2050 08:00,225320903.16840002
01/04/2050 09:00,225320903.16840002
01/04/2050 10:00,225320903.16840002
01/04/2050 11:00,225320903.16840002
01/04/2050 12:00,225320903.16840002
01/04/2050 13:00,225320903.16840002
01/04/2050 14:00,225320903.16840002
01/04/2050 15:00,225320903.16840002
01/04/2050 16:00,225320903.16840002
01/04/2050 17:00,225320903.16840002
01/04/2050 18:00,225320903.16840002
01/04/2050 19:00,225320903.16840002
01/04/2050 20:00,225320903.16840002
01/04/2050 21:00,225320903.16840002
01/04/2050 22:00,225320903.16840002
01/04/2050 23:00,225320903.16840002
02/04/2050 00:00,213032107.59480008
02/04/2050 01:00,213032107.59480008
02/04/2050 02:00,213032107.59480008
02/04/2050 03:00,213032107.59480008
02/04/2050 04:00,213032107.59480008
02/04/2050 05:00,213032107.59480008
02/04/2050 06:00,213032107.59480008
02/04/2050 07:00,213032107.59480008
02/04/2050 08:00,213032107.59480008
02/04/2050 09:00,213032107.59480008
02/04/2050 10:00,213032107.59480008
02/04/2050 11:00,213032107.59480008
02/04/2050 12:00,213032107.59480008
02/04/2050 13:00,213032107.59480008
02/04/2050 14:00,213032107.59480008
02/04/2050 15:00,213032107.59480008
02/04/2050 16:00,213032107.59480008
02/04/2050 17:00,213032107.59480008
02/04/2050 18:00,213032107.59480008
02/04/2050 19:00,213032107.59480008
02/04/2050 20:00,213032107.59480008
02/04/2050 21:00,213032107.59480008
02/04/2050 22:00,213032107.59480008
02/04/2050 23:00,213032107.59480008
03/04/2050 00:00,210452977.6596
03/04/2050 01:00,210452977.6596
03/04/2050 02:00,210452977.6596
03/04/2050 03:00,210452977.6596
03/04/2050 04:00,210452977.6596
03/04/2050 05:00,210452977.6596
03/04/2050 06:00,210452977.6596
03/04/2050 07:00,210452977.6596
03/04/2050 08:00,210452977.6596
03/04/2050 09:00,210452977.6596
03/04/2050 10:00,210452977.6596
03/04/2050 11:00,210452977.6596
03/04/2050 12:00,210452977.6596
03/04/2050 13:00,210452977.6596
03/04/2050 14:00,210452977.6596
03/04/2050 15:00,210452977.6596
03/04/2050 16:00,210452977.6596
03/04/2050 17:00,210452977.6596
03/04/2050 18:00,210452977.6596
03/04/2050 19:00,210452977.6596
03/04/2050 20:00,210452977.6596
03/04/2050 21:00,210452977.6596
03/04/2050 22:00,210452977.6596
03/04/2050 23:00,210452977.6596
04/04/2050 00:00,145974729.27960005
04/04/2050 01:00,145974729.27960005
04/04/2050 02:00,145974729.27960005
04/04/2050 03:00,145974729.27960005
04/04/2050 04:00,145974729.27960005
04/04/2050 05:00,145974729.27960005
04/04/2050 06:00,145974729.27960005
04/04/2050 07:00,145974729.27960005
04/04/2050 08:00,145974729.27960005
04/04/2050 09:00,145974729.27960005
04/04/2050 10:00,145974729.27960005
04/04/2050 11:00,145974729.27960005
04/04/2050 12:00,145974729.27960005
04/04/2050 13:00,145974729.27960005
04/04/2050 14:00,145974729.27960005
04/04/2050 15:00,145974729.27960005
04/04/2050 16:00,145974729.27960005
04/04/2050 17:00,145974729.27960005
04/04/2050 18:00,145974729.27960005
04/04/2050 19:00,145974729.27960005
04/04/2050 20:00,145974729.27960005
04/04/2050 21:00,145974729.27960005
04/04/2050 22:00,145974729.27960005
04/04/2050 23:00,145974729.27960005
05/04/2050 00:00,87306102.66690002
05/04/2050 01:00,87306102.66690002
05/04/2050 02:00,87306102.66690002
05/04/2050 03:00,87306102.66690002
05/04/2050 04:00,87306102.66690002
05/04/2050 05:00,87306102.66690002
05/04/2050 06:00,87306102.66690002
05/04/2050 07:00,87306102.66690002
05/04/2050 08:00,87306102.66690002
05/04/2050 09:00,87306102.66690002
05/04/2050 10:00,87306102.66690002
05/04/2050 11:00,87306102.66690002
05/04/2050 12:00,87306102.66690002
05/04/2050 13:00,87306102.66690002
05/04/2050 14:00,87306102.66690002
05/04/2050 15:00,87306102.66690002
05/04/2050 16:00,87306102.66690002
05/04/2050 17:00,87306102.66690002
05/04/2050 18:00,87306102.66690002
05/04/2050 19:00,87306102.66690002
05/04/2050 20:00,87306102.66690002
05/04/2050 21:00,87306102.66690002
05/04/2050 22:00,87306102.66690002
05/04/2050 23:00,87306102.66690002
06/04/2050 00:00,116997445.89000003
06/04/2050 01:00,116997445.89000003
06/04/2050 02:00,116997445.89000003
06/04/2050 03:00,116997445.89000003
06/04/2050 04:00,116997445.89000003
06/04/2050 05:00,116997445.89000003
06/04/2050 06:00,116997445.89000003
06/04/2050 07:00,116997445.89000003
06/04/2050 08:00,116997445.89000003
06/04/2050 09:00,116997445.89000003
06/04/2050 10:00,116997445.89000003
06/04/2050 11:00,116997445.89000003
06/04/2050 12:00,116997445.89000003
06/04/2050 13:00,116997445.89000003
06/04/2050 14:00,116997445.89000003
06/04/2050 15:00,116997445.89000003
06/04/2050 16:00,116997445.89000003
06/04/2050 17:00,116997445.89000003
06/04/2050 18:00,116997445.89000003
06/04/2050 19:00,116997445.89000003
06/04/2050 20:00,116997445.89000003
06/04/2050 21:00,116997445.89000003
06/04/2050 22:00,116997445.89000003
06/04/2050 23:00,116997445.89000003
07/04/2050 00:00,122990130.15120001
07/04/2050 01:00,122990130.15120001
07/04/2050 02:00,122990130.15120001
07/04/2050 03:00,122990130.15120001
07/04/2050 04:00,122990130.15120001
07/04/2050 05:00,122990130.15120001
07/04/2050 06:00,122990130.15120001
07/04/2050 07:00,122990130.15120001
07/04/2050 08:00,122990130.15120001
07/04/2050 09:00,122990130.15120001
07/04/2050 10:00,122990130.15120001
07/04/2050 11:00,122990130.15120001
07/04/2050 12:00,122990130.15120001
07/04/2050 13:00,122990130.15120001
07/04/2050 14:00,122990130.15120001
07/04/2050 15:00,122990130.15120001
07/04/2050 16:00,122990130.15120001
07/04/2050 17:00,122990130.15120001
07/04/2050 18:00,122990130.15120001
07/04/2050 19:00,122990130.15120001
07/04/2050 20:00,122990130.15120001
07/04/2050 21:00,122990130.15120001
07/04/2050 22:00,122990130.15120001
07/04/2050 23:00,122990130.15120001
08/04/2050 00:00,205977428.65440008
08/04/2050 01:00,205977428.65440008
08/04/2050 02:00,205977428.65440008
08/04/2050 03:00,205977428.65440008
08/04/2050 04:00,205977428.65440008
08/04/2050 05:00,205977428.65440008
08/04/2050 06:00,205977428.65440008
08/04/2050 07:00,205977428.65440008
08/04/2050 08:00,205977428.65440008
08/04/2050 09:00,205977428.65440008
08/04/2050 10:00,205977428.65440008
08/04/2050 11:00,205977428.65440008
08/04/2050 12:00,205977428.65440008
08/04/2050 13:00,205977428.65440008
08/04/2050 14:00,205977428.65440008
08/04/2050 15:00,205977428.65440008
08/04/2050 16:00,205977428.65440008
08/04/2050 17:00,205977428.65440008
08/04/2050 18:00,205977428.65440008
08/04/2050 19:00,205977428.65440008
08/04/2050 20:00,205977428.65440008
08/04/2050 21:00,205977428.65440008
08/04/2050 22:00,205977428.65440008
08/04/2050 23:00,205977428.65440008
09/04/2050 00:00,178441423.758
09/04/2050 01:00,178441423.758
09/04/2050 02:00,178441423.758
09/04/2050 03:00,178441423.758
09/04/2050 04:00,178441423.758
09/04/2050 05:00,178441423.758
09/04/2050 06:00,178441423.758
09/04/2050 07:00,178441423.758
09/04/2050 08:00,178441423.758
09/04/2050 09:00,178441423.758
09/04/2050 10:00,178441423.758
09/04/2050 11:00,178441423.758
09/04/2050 12:00,178441423.758
09/04/2050 13:00,178441423.758
09/04/2050 14:00,178441423.758
09/04/2050 15:00,178441423.758
09/04/2050 16:00,178441423.758
09/04/2050 17:00,178441423.758
09/04/2050 18:00,178441423.758
09/04/2050 19:00,178441423.758
09/04/2050 20:00,178441423.758
09/04/2050 21:00,178441423.758
09/04/2050 22:00,178441423.758
09/04/2050 23:00,178441423.758
10/04/2050 00:00,162511503.57000002
10/04/2050 01:00,162511503.57000002
10/04/2050 02:00,162511503.57000002
10/04/2050 03:00,162511503.57000002
10/04/2050 04:00,162511503.57000002
10/04/2050 05:00,162511503.57000002
10/04/2050 06:00,162511503.57000002
10/04/2050 07:00,162511503.57000002
10/04/2050 08:00,162511503.57000002
10/04/2050 09:00,162511503.57000002
10/04/2050 10:00,162511503.57000002
10/04/2050 11:00,162511503.57000002
10/04/2050 12:00,162511503.57000002
10/04/2050 13:00,162511503.57000002
10/04/2050 14:00,162511503.57000002
10/04/2050 15:00,162511503.57000002
10/04/2050 16:00,162511503.57000002
10/04/2050 17:00,162511503.57000002
10/04/2050 18:00,162511503.57000002
10/04/2050 19:00,162511503.57000002
10/04/2050 20:00,162511503.57000002
10/04/2050 21:00,162511503.57000002
10/04/2050 22:00,162511503.57000002
10/04/2050 23:00,162511503.57000002
11/04/2050 00:00,116163021.49920005
11/04/2050 01:00,116163021.49920005
11/04/2050 02:00,116163021.49920005
11/04/2050 03:00,116163021.49920005
11/04/2050 04:00,116163021.49920005
11/04/2050 05:00,116163021.49920005
11/04/2050 06:00,116163021.49920005
11/04/2050 07:00,116163021.49920005
11/04/2050 08:00,116163021.49920005
11/04/2050 09:00,116163021.49920005
11/04/2050 10:00,116163021.49920005
11/04/2050 11:00,116163021.49920005
11/04/2050 12:00,116163021.49920005
11/04/2050 13:00,116163021.49920005
11/04/2050 14:00,116163021.49920005
11/04/2050 15:00,116163021.49920005
11/04/2050 16:00,116163021.49920005
11/04/2050 17:00,116163021.49920005
11/04/2050 18:00,116163021.49920005
11/04/2050 19:00,116163021.49920005
11/04/2050 20:00,116163021.49920005
11/04/2050 21:00,116163021.49920005
11/04/2050 22:00,116163021.49920005
11/04/2050 23:00,116163021.49920005
12/04/2050 00:00,80009533.53899999
12/04/2050 01:00,80009533.53899999
12/04/2050 02:00,80009533.53899999
12/04/2050 03:00,80009533.53899999
12/04/2050 04:00,80009533.53899999
12/04/2050 05:00,80009533.53899999
12/04/2050 06:00,80009533.53899999
12/04/2050 07:00,80009533.53899999
12/04/2050 08:00,80009533.53899999
12/04/2050 09:00,80009533.53899999
12/04/2050 10:00,80009533.53899999
12/04/2050 11:00,80009533.53899999
12/04/2050 12:00,80009533.53899999
12/04/2050 13:00,80009533.53899999
12/04/2050 14:00,80009533.53899999
12/04/2050 15:00,80009533.53899999
12/04/2050 16:00,80009533.53899999
12/04/2050 17:00,80009533.53899999
12/04/2050 18:00,80009533.53899999
12/04/2050 19:00,80009533.53899999
12/04/2050 20:00,80009533.53899999
12/04/2050 21:00,80009533.53899999
12/04/2050 22:00,80009533.53899999
12/04/2050 23:00,80009533.53899999
13/04/2050 00:00,85845085.93440002
13/04/2050 01:00,85845085.93440002
13/04/2050 02:00,85845085.93440002
13/04/2050 03:00,85845085.93440002
13/04/2050 04:00,85845085.93440002
13/04/2050 05:00,85845085.93440002
13/04/2050 06:00,85845085.93440002
13/04/2050 07:00,85845085.93440002
13/04/2050 08:00,85845085.93440002
13/04/2050 09:00,85845085.93440002
13/04/2050 10:00,85845085.93440002
13/04/2050 11:00,85845085.93440002
13/04/2050 12:00,85845085.93440002
13/04/2050 13:00,85845085.93440002
13/04/2050 14:00,85845085.93440002
13/04/2050 15:00,85845085.93440002
13/04/2050 16:00,85845085.93440002
13/04/2050 17:00,85845085.93440002
13/04/2050 18:00,85845085.93440002
13/04/2050 19:00,85845085.93440002
13/04/2050 20:00,85845085.93440002
13/04/2050 21:00,85845085.93440002
13/04/2050 22:00,85845085.93440002
13/04/2050 23:00,85845085.93440002
14/04/2050 00:00,83266343.0235
14/04/2050 01:00,83266343.0235
14/04/2050 02:00,83266343.0235
14/04/2050 03:00,83266343.0235
14/04/2050 04:00,83266343.0235
14/04/2050 05:00,83266343.0235
14/04/2050 06:00,83266343.0235
14/04/2050 07:00,83266343.0235
14/04/2050 08:00,83266343.0235
14/04/2050 09:00,83266343.0235
14/04/2050 10:00,83266343.0235
14/04/2050 11:00,83266343.0235
14/04/2050 12:00,83266343.0235
14/04/2050 13:00,83266343.0235
14/04/2050 14:00,83266343.0235
14/04/2050 15:00,83266343.0235
14/04/2050 16:00,83266343.0235
14/04/2050 17:00,83266343.0235
14/04/2050 18:00,83266343.0235
14/04/2050 19:00,83266343.0235
14/04/2050 20:00,83266343.0235
14/04/2050 21:00,83266343.0235
14/04/2050 22:00,83266343.0235
14/04/2050 23:00,83266343.0235
15/04/2050 00:00,101162733.67980003
15/04/2050 01:00,101162733.67980003
15/04/2050 02:00,101162733.67980003
15/04/2050 03:00,101162733.67980003
15/04/2050 04:00,101162733.67980003
15/04/2050 05:00,101162733.67980003
15/04/2050 06:00,101162733.67980003
15/04/2050 07:00,101162733.67980003
15/04/2050 08:00,101162733.67980003
15/04/2050 09:00,101162733.67980003
15/04/2050 10:00,101162733.67980003
15/04/2050 11:00,101162733.67980003
15/04/2050 12:00,101162733.67980003
15/04/2050 13:00,101162733.67980003
15/04/2050 14:00,101162733.67980003
15/04/2050 15:00,101162733.67980003
15/04/2050 16:00,101162733.67980003
15/04/2050 17:00,101162733.67980003
15/04/2050 18:00,101162733.67980003
15/04/2050 19:00,101162733.67980003
15/04/2050 20:00,101162733.67980003
15/04/2050 21:00,101162733.67980003
15/04/2050 22:00,101162733.67980003
15/04/2050 23:00,101162733.67980003
16/04/2050 00:00,114418315.95480004
16/04/2050 01:00,114418315.95480004
16/04/2050 02:00,114418315.95480004
16/04/2050 03:00,114418315.95480004
16/04/2050 04:00,114418315.95480004
16/04/2050 05:00,114418315.95480004
16/04/2050 06:00,114418315.95480004
16/04/2050 07:00,114418315.95480004
16/04/2050 08:00,114418315.95480004
16/04/2050 09:00,114418315.95480004
16/04/2050 10:00,114418315.95480004
16/04/2050 11:00,114418315.95480004
16/04/2050 12:00,114418315.95480004
16/04/2050 13:00,114418315.95480004
16/04/2050 14:00,114418315.95480004
16/04/2050 15:00,114418315.95480004
16/04/2050 16:00,114418315.95480004
16/04/2050 17:00,114418315.95480004
16/04/2050 18:00,114418315.95480004
16/04/2050 19:00,114418315.95480004
16/04/2050 20:00,114418315.95480004
16/04/2050 21:00,114418315.95480004
16/04/2050 22:00,114418315.95480004
16/04/2050 23:00,114418315.95480004
17/04/2050 00:00,100219168.43640001
17/04/2050 01:00,100219168.43640001
17/04/2050 02:00,100219168.43640001
17/04/2050 03:00,100219168.43640001
17/04/2050 04:00,100219168.43640001
17/04/2050 05:00,100219168.43640001
17/04/2050 06:00,100219168.43640001
17/04/2050 07:00,100219168.43640001
17/04/2050 08:00,100219168.43640001
17/04/2050 09:00,100219168.43640001
17/04/2050 10:00,100219168.43640001
17/04/2050 11:00,100219168.43640001
17/04/2050 12:00,100219168.43640001
17/04/2050 13:00,100219168.43640001
17/04/2050 14:00,100219168.43640001
17/04/2050 15:00,100219168.43640001
17/04/2050 16:00,100219168.43640001
17/04/2050 17:00,100219168.43640001
17/04/2050 18:00,100219168.43640001
17/04/2050 19:00,100219168.43640001
17/04/2050 20:00,100219168.43640001
17/04/2050 21:00,100219168.43640001
17/04/2050 22:00,100219168.43640001
17/04/2050 23:00,100219168.43640001
18/04/2050 00:00,101750236.56720003
18/04/2050 01:00,101750236.56720003
18/04/2050 02:00,101750236.56720003
18/04/2050 03:00,101750236.56720003
18/04/2050 04:00,101750236.56720003
18/04/2050 05:00,101750236.56720003
18/04/2050 06:00,101750236.56720003
18/04/2050 07:00,101750236.56720003
18/04/2050 08:00,101750236.56720003
18/04/2050 09:00,101750236.56720003
18/04/2050 10:00,101750236.56720003
18/04/2050 11:00,101750236.56720003
18/04/2050 12:00,101750236.56720003
18/04/2050 13:00,101750236.56720003
18/04/2050 14:00,101750236.56720003
18/04/2050 15:00,101750236.56720003
18/04/2050 16:00,101750236.56720003
18/04/2050 17:00,101750236.56720003
18/04/2050 18:00,101750236.56720003
18/04/2050 19:00,101750236.56720003
18/04/2050 20:00,101750236.56720003
18/04/2050 21:00,101750236.56720003
18/04/2050 22:00,101750236.56720003
18/04/2050 23:00,101750236.56720003
19/04/2050 00:00,115556167.39680004
19/04/2050 01:00,115556167.39680004
19/04/2050 02:00,115556167.39680004
19/04/2050 03:00,115556167.39680004
19/04/2050 04:00,115556167.39680004
19/04/2050 05:00,115556167.39680004
19/04/2050 06:00,115556167.39680004
19/04/2050 07:00,115556167.39680004
19/04/2050 08:00,115556167.39680004
19/04/2050 09:00,115556167.39680004
19/04/2050 10:00,115556167.39680004
19/04/2050 11:00,115556167.39680004
19/04/2050 12:00,115556167.39680004
19/04/2050 13:00,115556167.39680004
19/04/2050 14:00,115556167.39680004
19/04/2050 15:00,115556167.39680004
19/04/2050 16:00,115556167.39680004
19/04/2050 17:00,115556167.39680004
19/04/2050 18:00,115556167.39680004
19/04/2050 19:00,115556167.39680004
19/04/2050 20:00,115556167.39680004
19/04/2050 21:00,115556167.39680004
19/04/2050 22:00,115556167.39680004
19/04/2050 23:00,115556167.39680004
20/04/2050 00:00,105998215.28400002
20/04/2050 01:00,105998215.28400002
20/04/2050 02:00,105998215.28400002
20/04/2050 03:00,105998215.28400002
20/04/2050 04:00,105998215.28400002
20/04/2050 05:00,105998215.28400002
20/04/2050 06:00,105998215.28400002
20/04/2050 07:00,105998215.28400002
20/04/2050 08:00,105998215.28400002
20/04/2050 09:00,105998215.28400002
20/04/2050 10:00,105998215.28400002
20/04/2050 11:00,105998215.28400002
20/04/2050 12:00,105998215.28400002
20/04/2050 13:00,105998215.28400002
20/04/2050 14:00,105998215.28400002
20/04/2050 15:00,105998215.28400002
20/04/2050 16:00,105998215.28400002
20/04/2050 17:00,105998215.28400002
20/04/2050 18:00,105998215.28400002
20/04/2050 19:00,105998215.28400002
20/04/2050 20:00,105998215.28400002
20/04/2050 21:00,105998215.28400002
20/04/2050 22:00,105998215.28400002
20/04/2050 23:00,105998215.28400002
21/04/2050 00:00,98715966.05520001
21/04/2050 01:00,98715966.05520001
21/04/2050 02:00,98715966.05520001
21/04/2050 03:00,98715966.05520001
21/04/2050 04:00,98715966.05520001
21/04/2050 05:00,98715966.05520001
21/04/2050 06:00,98715966.05520001
21/04/2050 07:00,98715966.05520001
21/04/2050 08:00,98715966.05520001
21/04/2050 09:00,98715966.05520001
21/04/2050 10:00,98715966.05520001
21/04/2050 11:00,98715966.05520001
21/04/2050 12:00,98715966.05520001
21/04/2050 13:00,98715966.05520001
21/04/2050 14:00,98715966.05520001
21/04/2050 15:00,98715966.05520001
21/04/2050 16:00,98715966.05520001
21/04/2050 17:00,98715966.05520001
21/04/2050 18:00,98715966.05520001
21/04/2050 19:00,98715966.05520001
21/04/2050 20:00,98715966.05520001
21/04/2050 21:00,98715966.05520001
21/04/2050 22:00,98715966.05520001
21/04/2050 23:00,98715966.05520001
22/04/2050 00:00,99474533.6832
22/04/2050 01:00,99474533.6832
22/04/2050 02:00,99474533.6832
22/04/2050 03:00,99474533.6832
22/04/2050 04:00,99474533.6832
22/04/2050 05:00,99474533.6832
22/04/2050 06:00,99474533.6832
22/04/2050 07:00,99474533.6832
22/04/2050 08:00,99474533.6832
22/04/2050 09:00,99474533.6832
22/04/2050 10:00,99474533.6832
22/04/2050 11:00,99474533.6832
22/04/2050 12:00,99474533.6832
22/04/2050 13:00,99474533.6832
22/04/2050 14:00,99474533.6832
22/04/2050 15:00,99474533.6832
22/04/2050 16:00,99474533.6832
22/04/2050 17:00,99474533.6832
22/04/2050 18:00,99474533.6832
22/04/2050 19:00,99474533.6832
22/04/2050 20:00,99474533.6832
22/04/2050 21:00,99474533.6832
22/04/2050 22:00,99474533.6832
22/04/2050 23:00,99474533.6832
23/04/2050 00:00,78007069.81080002
23/04/2050 01:00,78007069.81080002
23/04/2050 02:00,78007069.81080002
23/04/2050 03:00,78007069.81080002
23/04/2050 04:00,78007069.81080002
23/04/2050 05:00,78007069.81080002
23/04/2050 06:00,78007069.81080002
23/04/2050 07:00,78007069.81080002
23/04/2050 08:00,78007069.81080002
23/04/2050 09:00,78007069.81080002
23/04/2050 10:00,78007069.81080002
23/04/2050 11:00,78007069.81080002
23/04/2050 12:00,78007069.81080002
23/04/2050 13:00,78007069.81080002
23/04/2050 14:00,78007069.81080002
23/04/2050 15:00,78007069.81080002
23/04/2050 16:00,78007069.81080002
23/04/2050 17:00,78007069.81080002
23/04/2050 18:00,78007069.81080002
23/04/2050 19:00,78007069.81080002
23/04/2050 20:00,78007069.81080002
23/04/2050 21:00,78007069.81080002
23/04/2050 22:00,78007069.81080002
23/04/2050 23:00,78007069.81080002
24/04/2050 00:00,102129520.38120005
24/04/2050 01:00,102129520.38120005
24/04/2050 02:00,102129520.38120005
24/04/2050 03:00,102129520.38120005
24/04/2050 04:00,102129520.38120005
24/04/2050 05:00,102129520.38120005
24/04/2050 06:00,102129520.38120005
24/04/2050 07:00,102129520.38120005
24/04/2050 08:00,102129520.38120005
24/04/2050 09:00,102129520.38120005
24/04/2050 10:00,102129520.38120005
24/04/2050 11:00,102129520.38120005
24/04/2050 12:00,102129520.38120005
24/04/2050 13:00,102129520.38120005
24/04/2050 14:00,102129520.38120005
24/04/2050 15:00,102129520.38120005
24/04/2050 16:00,102129520.38120005
24/04/2050 17:00,102129520.38120005
24/04/2050 18:00,102129520.38120005
24/04/2050 19:00,102129520.38120005
24/04/2050 20:00,102129520.38120005
24/04/2050 21:00,102129520.38120005
24/04/2050 22:00,102129520.38120005
24/04/2050 23:00,102129520.38120005
25/04/2050 00:00,130348236.1428
25/04/2050 01:00,130348236.1428
25/04/2050 02:00,130348236.1428
25/04/2050 03:00,130348236.1428
25/04/2050 04:00,130348236.1428
25/04/2050 05:00,130348236.1428
25/04/2050 06:00,130348236.1428
25/04/2050 07:00,130348236.1428
25/04/2050 08:00,130348236.1428
25/04/2050 09:00,130348236.1428
25/04/2050 10:00,130348236.1428
25/04/2050 11:00,130348236.1428
25/04/2050 12:00,130348236.1428
25/04/2050 13:00,130348236.1428
25/04/2050 14:00,130348236.1428
25/04/2050 15:00,130348236.1428
25/04/2050 16:00,130348236.1428
25/04/2050 17:00,130348236.1428
25/04/2050 18:00,130348236.1428
25/04/2050 19:00,130348236.1428
25/04/2050 20:00,130348236.1428
25/04/2050 21:00,130348236.1428
25/04/2050 22:00,130348236.1428
25/04/2050 23:00,130348236.1428
26/04/2050 00:00,134899641.9108
26/04/2050 01:00,134899641.9108
26/04/2050 02:00,134899641.9108
26/04/2050 03:00,134899641.9108
26/04/2050 04:00,134899641.9108
26/04/2050 05:00,134899641.9108
26/04/2050 06:00,134899641.9108
26/04/2050 07:00,134899641.9108
26/04/2050 08:00,134899641.9108
26/04/2050 09:00,134899641.9108
26/04/2050 10:00,134899641.9108
26/04/2050 11:00,134899641.9108
26/04/2050 12:00,134899641.9108
26/04/2050 13:00,134899641.9108
26/04/2050 14:00,134899641.9108
26/04/2050 15:00,134899641.9108
26/04/2050 16:00,134899641.9108
26/04/2050 17:00,134899641.9108
26/04/2050 18:00,134899641.9108
26/04/2050 19:00,134899641.9108
26/04/2050 20:00,134899641.9108
26/04/2050 21:00,134899641.9108
26/04/2050 22:00,134899641.9108
26/04/2050 23:00,134899641.9108
27/04/2050 00:00,138237339.474
27/04/2050 01:00,138237339.474
27/04/2050 02:00,138237339.474
27/04/2050 03:00,138237339.474
27/04/2050 04:00,138237339.474
27/04/2050 05:00,138237339.474
27/04/2050 06:00,138237339.474
27/04/2050 07:00,138237339.474
27/04/2050 08:00,138237339.474
27/04/2050 09:00,138237339.474
27/04/2050 10:00,138237339.474
27/04/2050 11:00,138237339.474
27/04/2050 12:00,138237339.474
27/04/2050 13:00,138237339.474
27/04/2050 14:00,138237339.474
27/04/2050 15:00,138237339.474
27/04/2050 16:00,138237339.474
27/04/2050 17:00,138237339.474
27/04/2050 18:00,138237339.474
27/04/2050 19:00,138237339.474
27/04/2050 20:00,138237339.474
27/04/2050 21:00,138237339.474
27/04/2050 22:00,138237339.474
27/04/2050 23:00,138237339.474
28/04/2050 00:00,127389822.3936
28/04/2050 01:00,127389822.3936
28/04/2050 02:00,127389822.3936
28/04/2050 03:00,127389822.3936
28/04/2050 04:00,127389822.3936
28/04/2050 05:00,127389822.3936
28/04/2050 06:00,127389822.3936
28/04/2050 07:00,127389822.3936
28/04/2050 08:00,127389822.3936
28/04/2050 09:00,127389822.3936
28/04/2050 10:00,127389822.3936
28/04/2050 11:00,127389822.3936
28/04/2050 12:00,127389822.3936
28/04/2050 13:00,127389822.3936
28/04/2050 14:00,127389822.3936
28/04/2050 15:00,127389822.3936
28/04/2050 16:00,127389822.3936
28/04/2050 17:00,127389822.3936
28/04/2050 18:00,127389822.3936
28/04/2050 19:00,127389822.3936
28/04/2050 20:00,127389822.3936
28/04/2050 21:00,127389822.3936
28/04/2050 22:00,127389822.3936
28/04/2050 23:00,127389822.3936
29/04/2050 00:00,141726750.5628
29/04/2050 01:00,141726750.5628
29/04/2050 02:00,141726750.5628
29/04/2050 03:00,141726750.5628
29/04/2050 04:00,141726750.5628
29/04/2050 05:00,141726750.5628
29/04/2050 06:00,141726750.5628
29/04/2050 07:00,141726750.5628
29/04/2050 08:00,141726750.5628
29/04/2050 09:00,141726750.5628
29/04/2050 10:00,141726750.5628
29/04/2050 11:00,141726750.5628
29/04/2050 12:00,141726750.5628
29/04/2050 13:00,141726750.5628
29/04/2050 14:00,141726750.5628
29/04/2050 15:00,141726750.5628
29/04/2050 16:00,141726750.5628
29/04/2050 17:00,141726750.5628
29/04/2050 18:00,141726750.5628
29/04/2050 19:00,141726750.5628
29/04/2050 20:00,141726750.5628
29/04/2050 21:00,141726750.5628
29/04/2050 22:00,141726750.5628
29/04/2050 23:00,141726750.5628
30/04/2050 00:00,132775652.55240004
30/04/2050 01:00,132775652.55240004
30/04/2050 02:00,132775652.55240004
30/04/2050 03:00,132775652.55240004
30/04/2050 04:00,132775652.55240004
30/04/2050 05:00,132775652.55240004
30/04/2050 06:00,132775652.55240004
30/04/2050 07:00,132775652.55240004
30/04/2050 08:00,132775652.55240004
30/04/2050 09:00,132775652.55240004
30/04/2050 10:00,132775652.55240004
30/04/2050 11:00,132775652.55240004
30/04/2050 12:00,132775652.55240004
30/04/2050 13:00,132775652.55240004
30/04/2050 14:00,132775652.55240004
30/04/2050 15:00,132775652.55240004
30/04/2050 16:00,132775652.55240004
30/04/2050 17:00,132775652.55240004
30/04/2050 18:00,132775652.55240004
30/04/2050 19:00,132775652.55240004
30/04/2050 20:00,132775652.55240004
30/04/2050 21:00,132775652.55240004
30/04/2050 22:00,132775652.55240004
30/04/2050 23:00,132775652.55240004
01/05/2050 00:00,105774128.21430004
01/05/2050 01:00,105774128.21430004
01/05/2050 02:00,105774128.21430004
01/05/2050 03:00,105774128.21430004
01/05/2050 04:00,105774128.21430004
01/05/2050 05:00,105774128.21430004
01/05/2050 06:00,105774128.21430004
01/05/2050 07:00,105774128.21430004
01/05/2050 08:00,105774128.21430004
01/05/2050 09:00,105774128.21430004
01/05/2050 10:00,105774128.21430004
01/05/2050 11:00,105774128.21430004
01/05/2050 12:00,105774128.21430004
01/05/2050 13:00,105774128.21430004
01/05/2050 14:00,105774128.21430004
01/05/2050 15:00,105774128.21430004
01/05/2050 16:00,105774128.21430004
01/05/2050 17:00,105774128.21430004
01/05/2050 18:00,105774128.21430004
01/05/2050 19:00,105774128.21430004
01/05/2050 20:00,105774128.21430004
01/05/2050 21:00,105774128.21430004
01/05/2050 22:00,105774128.21430004
01/05/2050 23:00,105774128.21430004
02/05/2050 00:00,101143382.4648
02/05/2050 01:00,101143382.4648
02/05/2050 02:00,101143382.4648
02/05/2050 03:00,101143382.4648
02/05/2050 04:00,101143382.4648
02/05/2050 05:00,101143382.4648
02/05/2050 06:00,101143382.4648
02/05/2050 07:00,101143382.4648
02/05/2050 08:00,101143382.4648
02/05/2050 09:00,101143382.4648
02/05/2050 10:00,101143382.4648
02/05/2050 11:00,101143382.4648
02/05/2050 12:00,101143382.4648
02/05/2050 13:00,101143382.4648
02/05/2050 14:00,101143382.4648
02/05/2050 15:00,101143382.4648
02/05/2050 16:00,101143382.4648
02/05/2050 17:00,101143382.4648
02/05/2050 18:00,101143382.4648
02/05/2050 19:00,101143382.4648
02/05/2050 20:00,101143382.4648
02/05/2050 21:00,101143382.4648
02/05/2050 22:00,101143382.4648
02/05/2050 23:00,101143382.4648
03/05/2050 00:00,114721743.00599998
03/05/2050 01:00,114721743.00599998
03/05/2050 02:00,114721743.00599998
03/05/2050 03:00,114721743.00599998
03/05/2050 04:00,114721743.00599998
03/05/2050 05:00,114721743.00599998
03/05/2050 06:00,114721743.00599998
03/05/2050 07:00,114721743.00599998
03/05/2050 08:00,114721743.00599998
03/05/2050 09:00,114721743.00599998
03/05/2050 10:00,114721743.00599998
03/05/2050 11:00,114721743.00599998
03/05/2050 12:00,114721743.00599998
03/05/2050 13:00,114721743.00599998
03/05/2050 14:00,114721743.00599998
03/05/2050 15:00,114721743.00599998
03/05/2050 16:00,114721743.00599998
03/05/2050 17:00,114721743.00599998
03/05/2050 18:00,114721743.00599998
03/05/2050 19:00,114721743.00599998
03/05/2050 20:00,114721743.00599998
03/05/2050 21:00,114721743.00599998
03/05/2050 22:00,114721743.00599998
03/05/2050 23:00,114721743.00599998
04/05/2050 00:00,99525233.86650003
04/05/2050 01:00,99525233.86650003
04/05/2050 02:00,99525233.86650003
04/05/2050 03:00,99525233.86650003
04/05/2050 04:00,99525233.86650003
04/05/2050 05:00,99525233.86650003
04/05/2050 06:00,99525233.86650003
04/05/2050 07:00,99525233.86650003
04/05/2050 08:00,99525233.86650003
04/05/2050 09:00,99525233.86650003
04/05/2050 10:00,99525233.86650003
04/05/2050 11:00,99525233.86650003
04/05/2050 12:00,99525233.86650003
04/05/2050 13:00,99525233.86650003
04/05/2050 14:00,99525233.86650003
04/05/2050 15:00,99525233.86650003
04/05/2050 16:00,99525233.86650003
04/05/2050 17:00,99525233.86650003
04/05/2050 18:00,99525233.86650003
04/05/2050 19:00,99525233.86650003
04/05/2050 20:00,99525233.86650003
04/05/2050 21:00,99525233.86650003
04/05/2050 22:00,99525233.86650003
04/05/2050 23:00,99525233.86650003
05/05/2050 00:00,84518366.634
05/05/2050 01:00,84518366.634
05/05/2050 02:00,84518366.634
05/05/2050 03:00,84518366.634
05/05/2050 04:00,84518366.634
05/05/2050 05:00,84518366.634
05/05/2050 06:00,84518366.634
05/05/2050 07:00,84518366.634
05/05/2050 08:00,84518366.634
05/05/2050 09:00,84518366.634
05/05/2050 10:00,84518366.634
05/05/2050 11:00,84518366.634
05/05/2050 12:00,84518366.634
05/05/2050 13:00,84518366.634
05/05/2050 14:00,84518366.634
05/05/2050 15:00,84518366.634
05/05/2050 16:00,84518366.634
05/05/2050 17:00,84518366.634
05/05/2050 18:00,84518366.634
05/05/2050 19:00,84518366.634
05/05/2050 20:00,84518366.634
05/05/2050 21:00,84518366.634
05/05/2050 22:00,84518366.634
05/05/2050 23:00,84518366.634
06/05/2050 00:00,54505793.241900004
06/05/2050 01:00,54505793.241900004
06/05/2050 02:00,54505793.241900004
06/05/2050 03:00,54505793.241900004
06/05/2050 04:00,54505793.241900004
06/05/2050 05:00,54505793.241900004
06/05/2050 06:00,54505793.241900004
06/05/2050 07:00,54505793.241900004
06/05/2050 08:00,54505793.241900004
06/05/2050 09:00,54505793.241900004
06/05/2050 10:00,54505793.241900004
06/05/2050 11:00,54505793.241900004
06/05/2050 12:00,54505793.241900004
06/05/2050 13:00,54505793.241900004
06/05/2050 14:00,54505793.241900004
06/05/2050 15:00,54505793.241900004
06/05/2050 16:00,54505793.241900004
06/05/2050 17:00,54505793.241900004
06/05/2050 18:00,54505793.241900004
06/05/2050 19:00,54505793.241900004
06/05/2050 20:00,54505793.241900004
06/05/2050 21:00,54505793.241900004
06/05/2050 22:00,54505793.241900004
06/05/2050 23:00,54505793.241900004
07/05/2050 00:00,71453974.3632
07/05/2050 01:00,71453974.3632
07/05/2050 02:00,71453974.3632
07/05/2050 03:00,71453974.3632
07/05/2050 04:00,71453974.3632
07/05/2050 05:00,71453974.3632
07/05/2050 06:00,71453974.3632
07/05/2050 07:00,71453974.3632
07/05/2050 08:00,71453974.3632
07/05/2050 09:00,71453974.3632
07/05/2050 10:00,71453974.3632
07/05/2050 11:00,71453974.3632
07/05/2050 12:00,71453974.3632
07/05/2050 13:00,71453974.3632
07/05/2050 14:00,71453974.3632
07/05/2050 15:00,71453974.3632
07/05/2050 16:00,71453974.3632
07/05/2050 17:00,71453974.3632
07/05/2050 18:00,71453974.3632
07/05/2050 19:00,71453974.3632
07/05/2050 20:00,71453974.3632
07/05/2050 21:00,71453974.3632
07/05/2050 22:00,71453974.3632
07/05/2050 23:00,71453974.3632
08/05/2050 00:00,110549621.05199999
08/05/2050 01:00,110549621.05199999
08/05/2050 02:00,110549621.05199999
08/05/2050 03:00,110549621.05199999
08/05/2050 04:00,110549621.05199999
08/05/2050 05:00,110549621.05199999
08/05/2050 06:00,110549621.05199999
08/05/2050 07:00,110549621.05199999
08/05/2050 08:00,110549621.05199999
08/05/2050 09:00,110549621.05199999
08/05/2050 10:00,110549621.05199999
08/05/2050 11:00,110549621.05199999
08/05/2050 12:00,110549621.05199999
08/05/2050 13:00,110549621.05199999
08/05/2050 14:00,110549621.05199999
08/05/2050 15:00,110549621.05199999
08/05/2050 16:00,110549621.05199999
08/05/2050 17:00,110549621.05199999
08/05/2050 18:00,110549621.05199999
08/05/2050 19:00,110549621.05199999
08/05/2050 20:00,110549621.05199999
08/05/2050 21:00,110549621.05199999
08/05/2050 22:00,110549621.05199999
08/05/2050 23:00,110549621.05199999
09/05/2050 00:00,76638164.8617
09/05/2050 01:00,76638164.8617
09/05/2050 02:00,76638164.8617
09/05/2050 03:00,76638164.8617
09/05/2050 04:00,76638164.8617
09/05/2050 05:00,76638164.8617
09/05/2050 06:00,76638164.8617
09/05/2050 07:00,76638164.8617
09/05/2050 08:00,76638164.8617
09/05/2050 09:00,76638164.8617
09/05/2050 10:00,76638164.8617
09/05/2050 11:00,76638164.8617
09/05/2050 12:00,76638164.8617
09/05/2050 13:00,76638164.8617
09/05/2050 14:00,76638164.8617
09/05/2050 15:00,76638164.8617
09/05/2050 16:00,76638164.8617
09/05/2050 17:00,76638164.8617
09/05/2050 18:00,76638164.8617
09/05/2050 19:00,76638164.8617
09/05/2050 20:00,76638164.8617
09/05/2050 21:00,76638164.8617
09/05/2050 22:00,76638164.8617
09/05/2050 23:00,76638164.8617
10/05/2050 00:00,40745144.2554
10/05/2050 01:00,40745144.2554
10/05/2050 02:00,40745144.2554
10/05/2050 03:00,40745144.2554
10/05/2050 04:00,40745144.2554
10/05/2050 05:00,40745144.2554
10/05/2050 06:00,40745144.2554
10/05/2050 07:00,40745144.2554
10/05/2050 08:00,40745144.2554
10/05/2050 09:00,40745144.2554
10/05/2050 10:00,40745144.2554
10/05/2050 11:00,40745144.2554
10/05/2050 12:00,40745144.2554
10/05/2050 13:00,40745144.2554
10/05/2050 14:00,40745144.2554
10/05/2050 15:00,40745144.2554
10/05/2050 16:00,40745144.2554
10/05/2050 17:00,40745144.2554
10/05/2050 18:00,40745144.2554
10/05/2050 19:00,40745144.2554
10/05/2050 20:00,40745144.2554
10/05/2050 21:00,40745144.2554
10/05/2050 22:00,40745144.2554
10/05/2050 23:00,40745144.2554
11/05/2050 00:00,63278860.074300006
11/05/2050 01:00,63278860.074300006
11/05/2050 02:00,63278860.074300006
11/05/2050 03:00,63278860.074300006
11/05/2050 04:00,63278860.074300006
11/05/2050 05:00,63278860.074300006
11/05/2050 06:00,63278860.074300006
11/05/2050 07:00,63278860.074300006
11/05/2050 08:00,63278860.074300006
11/05/2050 09:00,63278860.074300006
11/05/2050 10:00,63278860.074300006
11/05/2050 11:00,63278860.074300006
11/05/2050 12:00,63278860.074300006
11/05/2050 13:00,63278860.074300006
11/05/2050 14:00,63278860.074300006
11/05/2050 15:00,63278860.074300006
11/05/2050 16:00,63278860.074300006
11/05/2050 17:00,63278860.074300006
11/05/2050 18:00,63278860.074300006
11/05/2050 19:00,63278860.074300006
11/05/2050 20:00,63278860.074300006
11/05/2050 21:00,63278860.074300006
11/05/2050 22:00,63278860.074300006
11/05/2050 23:00,63278860.074300006
12/05/2050 00:00,82067728.76640001
12/05/2050 01:00,82067728.76640001
12/05/2050 02:00,82067728.76640001
12/05/2050 03:00,82067728.76640001
12/05/2050 04:00,82067728.76640001
12/05/2050 05:00,82067728.76640001
12/05/2050 06:00,82067728.76640001
12/05/2050 07:00,82067728.76640001
12/05/2050 08:00,82067728.76640001
12/05/2050 09:00,82067728.76640001
12/05/2050 10:00,82067728.76640001
12/05/2050 11:00,82067728.76640001
12/05/2050 12:00,82067728.76640001
12/05/2050 13:00,82067728.76640001
12/05/2050 14:00,82067728.76640001
12/05/2050 15:00,82067728.76640001
12/05/2050 16:00,82067728.76640001
12/05/2050 17:00,82067728.76640001
12/05/2050 18:00,82067728.76640001
12/05/2050 19:00,82067728.76640001
12/05/2050 20:00,82067728.76640001
12/05/2050 21:00,82067728.76640001
12/05/2050 22:00,82067728.76640001
12/05/2050 23:00,82067728.76640001
13/05/2050 00:00,66500837.37180002
13/05/2050 01:00,66500837.37180002
13/05/2050 02:00,66500837.37180002
13/05/2050 03:00,66500837.37180002
13/05/2050 04:00,66500837.37180002
13/05/2050 05:00,66500837.37180002
13/05/2050 06:00,66500837.37180002
13/05/2050 07:00,66500837.37180002
13/05/2050 08:00,66500837.37180002
13/05/2050 09:00,66500837.37180002
13/05/2050 10:00,66500837.37180002
13/05/2050 11:00,66500837.37180002
13/05/2050 12:00,66500837.37180002
13/05/2050 13:00,66500837.37180002
13/05/2050 14:00,66500837.37180002
13/05/2050 15:00,66500837.37180002
13/05/2050 16:00,66500837.37180002
13/05/2050 17:00,66500837.37180002
13/05/2050 18:00,66500837.37180002
13/05/2050 19:00,66500837.37180002
13/05/2050 20:00,66500837.37180002
13/05/2050 21:00,66500837.37180002
13/05/2050 22:00,66500837.37180002
13/05/2050 23:00,66500837.37180002
14/05/2050 00:00,74941063.30620001
14/05/2050 01:00,74941063.30620001
14/05/2050 02:00,74941063.30620001
14/05/2050 03:00,74941063.30620001
14/05/2050 04:00,74941063.30620001
14/05/2050 05:00,74941063.30620001
14/05/2050 06:00,74941063.30620001
14/05/2050 07:00,74941063.30620001
14/05/2050 08:00,74941063.30620001
14/05/2050 09:00,74941063.30620001
14/05/2050 10:00,74941063.30620001
14/05/2050 11:00,74941063.30620001
14/05/2050 12:00,74941063.30620001
14/05/2050 13:00,74941063.30620001
14/05/2050 14:00,74941063.30620001
14/05/2050 15:00,74941063.30620001
14/05/2050 16:00,74941063.30620001
14/05/2050 17:00,74941063.30620001
14/05/2050 18:00,74941063.30620001
14/05/2050 19:00,74941063.30620001
14/05/2050 20:00,74941063.30620001
14/05/2050 21:00,74941063.30620001
14/05/2050 22:00,74941063.30620001
14/05/2050 23:00,74941063.30620001
15/05/2050 00:00,49510470.60180001
15/05/2050 01:00,49510470.60180001
15/05/2050 02:00,49510470.60180001
15/05/2050 03:00,49510470.60180001
15/05/2050 04:00,49510470.60180001
15/05/2050 05:00,49510470.60180001
15/05/2050 06:00,49510470.60180001
15/05/2050 07:00,49510470.60180001
15/05/2050 08:00,49510470.60180001
15/05/2050 09:00,49510470.60180001
15/05/2050 10:00,49510470.60180001
15/05/2050 11:00,49510470.60180001
15/05/2050 12:00,49510470.60180001
15/05/2050 13:00,49510470.60180001
15/05/2050 14:00,49510470.60180001
15/05/2050 15:00,49510470.60180001
15/05/2050 16:00,49510470.60180001
15/05/2050 17:00,49510470.60180001
15/05/2050 18:00,49510470.60180001
15/05/2050 19:00,49510470.60180001
15/05/2050 20:00,49510470.60180001
15/05/2050 21:00,49510470.60180001
15/05/2050 22:00,49510470.60180001
15/05/2050 23:00,49510470.60180001
16/05/2050 00:00,35273781.7263
16/05/2050 01:00,35273781.7263
16/05/2050 02:00,35273781.7263
16/05/2050 03:00,35273781.7263
16/05/2050 04:00,35273781.7263
16/05/2050 05:00,35273781.7263
16/05/2050 06:00,35273781.7263
16/05/2050 07:00,35273781.7263
16/05/2050 08:00,35273781.7263
16/05/2050 09:00,35273781.7263
16/05/2050 10:00,35273781.7263
16/05/2050 11:00,35273781.7263
16/05/2050 12:00,35273781.7263
16/05/2050 13:00,35273781.7263
16/05/2050 14:00,35273781.7263
16/05/2050 15:00,35273781.7263
16/05/2050 16:00,35273781.7263
16/05/2050 17:00,35273781.7263
16/05/2050 18:00,35273781.7263
16/05/2050 19:00,35273781.7263
16/05/2050 20:00,35273781.7263
16/05/2050 21:00,35273781.7263
16/05/2050 22:00,35273781.7263
16/05/2050 23:00,35273781.7263
17/05/2050 00:00,35451425.88
17/05/2050 01:00,35451425.88
17/05/2050 02:00,35451425.88
17/05/2050 03:00,35451425.88
17/05/2050 04:00,35451425.88
17/05/2050 05:00,35451425.88
17/05/2050 06:00,35451425.88
17/05/2050 07:00,35451425.88
17/05/2050 08:00,35451425.88
17/05/2050 09:00,35451425.88
17/05/2050 10:00,35451425.88
17/05/2050 11:00,35451425.88
17/05/2050 12:00,35451425.88
17/05/2050 13:00,35451425.88
17/05/2050 14:00,35451425.88
17/05/2050 15:00,35451425.88
17/05/2050 16:00,35451425.88
17/05/2050 17:00,35451425.88
17/05/2050 18:00,35451425.88
17/05/2050 19:00,35451425.88
17/05/2050 20:00,35451425.88
17/05/2050 21:00,35451425.88
17/05/2050 22:00,35451425.88
17/05/2050 23:00,35451425.88
18/05/2050 00:00,41139909.04139999
18/05/2050 01:00,41139909.04139999
18/05/2050 02:00,41139909.04139999
18/05/2050 03:00,41139909.04139999
18/05/2050 04:00,41139909.04139999
18/05/2050 05:00,41139909.04139999
18/05/2050 06:00,41139909.04139999
18/05/2050 07:00,41139909.04139999
18/05/2050 08:00,41139909.04139999
18/05/2050 09:00,41139909.04139999
18/05/2050 10:00,41139909.04139999
18/05/2050 11:00,41139909.04139999
18/05/2050 12:00,41139909.04139999
18/05/2050 13:00,41139909.04139999
18/05/2050 14:00,41139909.04139999
18/05/2050 15:00,41139909.04139999
18/05/2050 16:00,41139909.04139999
18/05/2050 17:00,41139909.04139999
18/05/2050 18:00,41139909.04139999
18/05/2050 19:00,41139909.04139999
18/05/2050 20:00,41139909.04139999
18/05/2050 21:00,41139909.04139999
18/05/2050 22:00,41139909.04139999
18/05/2050 23:00,41139909.04139999
19/05/2050 00:00,40141773.3717
19/05/2050 01:00,40141773.3717
19/05/2050 02:00,40141773.3717
19/05/2050 03:00,40141773.3717
19/05/2050 04:00,40141773.3717
19/05/2050 05:00,40141773.3717
19/05/2050 06:00,40141773.3717
19/05/2050 07:00,40141773.3717
19/05/2050 08:00,40141773.3717
19/05/2050 09:00,40141773.3717
19/05/2050 10:00,40141773.3717
19/05/2050 11:00,40141773.3717
19/05/2050 12:00,40141773.3717
19/05/2050 13:00,40141773.3717
19/05/2050 14:00,40141773.3717
19/05/2050 15:00,40141773.3717
19/05/2050 16:00,40141773.3717
19/05/2050 17:00,40141773.3717
19/05/2050 18:00,40141773.3717
19/05/2050 19:00,40141773.3717
19/05/2050 20:00,40141773.3717
19/05/2050 21:00,40141773.3717
19/05/2050 22:00,40141773.3717
19/05/2050 23:00,40141773.3717
20/05/2050 00:00,78627469.76370001
20/05/2050 01:00,78627469.76370001
20/05/2050 02:00,78627469.76370001
20/05/2050 03:00,78627469.76370001
20/05/2050 04:00,78627469.76370001
20/05/2050 05:00,78627469.76370001
20/05/2050 06:00,78627469.76370001
20/05/2050 07:00,78627469.76370001
20/05/2050 08:00,78627469.76370001
20/05/2050 09:00,78627469.76370001
20/05/2050 10:00,78627469.76370001
20/05/2050 11:00,78627469.76370001
20/05/2050 12:00,78627469.76370001
20/05/2050 13:00,78627469.76370001
20/05/2050 14:00,78627469.76370001
20/05/2050 15:00,78627469.76370001
20/05/2050 16:00,78627469.76370001
20/05/2050 17:00,78627469.76370001
20/05/2050 18:00,78627469.76370001
20/05/2050 19:00,78627469.76370001
20/05/2050 20:00,78627469.76370001
20/05/2050 21:00,78627469.76370001
20/05/2050 22:00,78627469.76370001
20/05/2050 23:00,78627469.76370001
21/05/2050 00:00,66757434.482700005
21/05/2050 01:00,66757434.482700005
21/05/2050 02:00,66757434.482700005
21/05/2050 03:00,66757434.482700005
21/05/2050 04:00,66757434.482700005
21/05/2050 05:00,66757434.482700005
21/05/2050 06:00,66757434.482700005
21/05/2050 07:00,66757434.482700005
21/05/2050 08:00,66757434.482700005
21/05/2050 09:00,66757434.482700005
21/05/2050 10:00,66757434.482700005
21/05/2050 11:00,66757434.482700005
21/05/2050 12:00,66757434.482700005
21/05/2050 13:00,66757434.482700005
21/05/2050 14:00,66757434.482700005
21/05/2050 15:00,66757434.482700005
21/05/2050 16:00,66757434.482700005
21/05/2050 17:00,66757434.482700005
21/05/2050 18:00,66757434.482700005
21/05/2050 19:00,66757434.482700005
21/05/2050 20:00,66757434.482700005
21/05/2050 21:00,66757434.482700005
21/05/2050 22:00,66757434.482700005
21/05/2050 23:00,66757434.482700005
22/05/2050 00:00,64496438.52210002
22/05/2050 01:00,64496438.52210002
22/05/2050 02:00,64496438.52210002
22/05/2050 03:00,64496438.52210002
22/05/2050 04:00,64496438.52210002
22/05/2050 05:00,64496438.52210002
22/05/2050 06:00,64496438.52210002
22/05/2050 07:00,64496438.52210002
22/05/2050 08:00,64496438.52210002
22/05/2050 09:00,64496438.52210002
22/05/2050 10:00,64496438.52210002
22/05/2050 11:00,64496438.52210002
22/05/2050 12:00,64496438.52210002
22/05/2050 13:00,64496438.52210002
22/05/2050 14:00,64496438.52210002
22/05/2050 15:00,64496438.52210002
22/05/2050 16:00,64496438.52210002
22/05/2050 17:00,64496438.52210002
22/05/2050 18:00,64496438.52210002
22/05/2050 19:00,64496438.52210002
22/05/2050 20:00,64496438.52210002
22/05/2050 21:00,64496438.52210002
22/05/2050 22:00,64496438.52210002
22/05/2050 23:00,64496438.52210002
23/05/2050 00:00,54370334.73690001
23/05/2050 01:00,54370334.73690001
23/05/2050 02:00,54370334.73690001
23/05/2050 03:00,54370334.73690001
23/05/2050 04:00,54370334.73690001
23/05/2050 05:00,54370334.73690001
23/05/2050 06:00,54370334.73690001
23/05/2050 07:00,54370334.73690001
23/05/2050 08:00,54370334.73690001
23/05/2050 09:00,54370334.73690001
23/05/2050 10:00,54370334.73690001
23/05/2050 11:00,54370334.73690001
23/05/2050 12:00,54370334.73690001
23/05/2050 13:00,54370334.73690001
23/05/2050 14:00,54370334.73690001
23/05/2050 15:00,54370334.73690001
23/05/2050 16:00,54370334.73690001
23/05/2050 17:00,54370334.73690001
23/05/2050 18:00,54370334.73690001
23/05/2050 19:00,54370334.73690001
23/05/2050 20:00,54370334.73690001
23/05/2050 21:00,54370334.73690001
23/05/2050 22:00,54370334.73690001
23/05/2050 23:00,54370334.73690001
24/05/2050 00:00,91207694.63520002
24/05/2050 01:00,91207694.63520002
24/05/2050 02:00,91207694.63520002
24/05/2050 03:00,91207694.63520002
24/05/2050 04:00,91207694.63520002
24/05/2050 05:00,91207694.63520002
24/05/2050 06:00,91207694.63520002
24/05/2050 07:00,91207694.63520002
24/05/2050 08:00,91207694.63520002
24/05/2050 09:00,91207694.63520002
24/05/2050 10:00,91207694.63520002
24/05/2050 11:00,91207694.63520002
24/05/2050 12:00,91207694.63520002
24/05/2050 13:00,91207694.63520002
24/05/2050 14:00,91207694.63520002
24/05/2050 15:00,91207694.63520002
24/05/2050 16:00,91207694.63520002
24/05/2050 17:00,91207694.63520002
24/05/2050 18:00,91207694.63520002
24/05/2050 19:00,91207694.63520002
24/05/2050 20:00,91207694.63520002
24/05/2050 21:00,91207694.63520002
24/05/2050 22:00,91207694.63520002
24/05/2050 23:00,91207694.63520002
25/05/2050 00:00,77568958.30320002
25/05/2050 01:00,77568958.30320002
25/05/2050 02:00,77568958.30320002
25/05/2050 03:00,77568958.30320002
25/05/2050 04:00,77568958.30320002
25/05/2050 05:00,77568958.30320002
25/05/2050 06:00,77568958.30320002
25/05/2050 07:00,77568958.30320002
25/05/2050 08:00,77568958.30320002
25/05/2050 09:00,77568958.30320002
25/05/2050 10:00,77568958.30320002
25/05/2050 11:00,77568958.30320002
25/05/2050 12:00,77568958.30320002
25/05/2050 13:00,77568958.30320002
25/05/2050 14:00,77568958.30320002
25/05/2050 15:00,77568958.30320002
25/05/2050 16:00,77568958.30320002
25/05/2050 17:00,77568958.30320002
25/05/2050 18:00,77568958.30320002
25/05/2050 19:00,77568958.30320002
25/05/2050 20:00,77568958.30320002
25/05/2050 21:00,77568958.30320002
25/05/2050 22:00,77568958.30320002
25/05/2050 23:00,77568958.30320002
26/05/2050 00:00,54504245.14469999
26/05/2050 01:00,54504245.14469999
26/05/2050 02:00,54504245.14469999
26/05/2050 03:00,54504245.14469999
26/05/2050 04:00,54504245.14469999
26/05/2050 05:00,54504245.14469999
26/05/2050 06:00,54504245.14469999
26/05/2050 07:00,54504245.14469999
26/05/2050 08:00,54504245.14469999
26/05/2050 09:00,54504245.14469999
26/05/2050 10:00,54504245.14469999
26/05/2050 11:00,54504245.14469999
26/05/2050 12:00,54504245.14469999
26/05/2050 13:00,54504245.14469999
26/05/2050 14:00,54504245.14469999
26/05/2050 15:00,54504245.14469999
26/05/2050 16:00,54504245.14469999
26/05/2050 17:00,54504245.14469999
26/05/2050 18:00,54504245.14469999
26/05/2050 19:00,54504245.14469999
26/05/2050 20:00,54504245.14469999
26/05/2050 21:00,54504245.14469999
26/05/2050 22:00,54504245.14469999
26/05/2050 23:00,54504245.14469999
27/05/2050 00:00,48905551.62090001
27/05/2050 01:00,48905551.62090001
27/05/2050 02:00,48905551.62090001
27/05/2050 03:00,48905551.62090001
27/05/2050 04:00,48905551.62090001
27/05/2050 05:00,48905551.62090001
27/05/2050 06:00,48905551.62090001
27/05/2050 07:00,48905551.62090001
27/05/2050 08:00,48905551.62090001
27/05/2050 09:00,48905551.62090001
27/05/2050 10:00,48905551.62090001
27/05/2050 11:00,48905551.62090001
27/05/2050 12:00,48905551.62090001
27/05/2050 13:00,48905551.62090001
27/05/2050 14:00,48905551.62090001
27/05/2050 15:00,48905551.62090001
27/05/2050 16:00,48905551.62090001
27/05/2050 17:00,48905551.62090001
27/05/2050 18:00,48905551.62090001
27/05/2050 19:00,48905551.62090001
27/05/2050 20:00,48905551.62090001
27/05/2050 21:00,48905551.62090001
27/05/2050 22:00,48905551.62090001
27/05/2050 23:00,48905551.62090001
28/05/2050 00:00,82975300.74990001
28/05/2050 01:00,82975300.74990001
28/05/2050 02:00,82975300.74990001
28/05/2050 03:00,82975300.74990001
28/05/2050 04:00,82975300.74990001
28/05/2050 05:00,82975300.74990001
28/05/2050 06:00,82975300.74990001
28/05/2050 07:00,82975300.74990001
28/05/2050 08:00,82975300.74990001
28/05/2050 09:00,82975300.74990001
28/05/2050 10:00,82975300.74990001
28/05/2050 11:00,82975300.74990001
28/05/2050 12:00,82975300.74990001
28/05/2050 13:00,82975300.74990001
28/05/2050 14:00,82975300.74990001
28/05/2050 15:00,82975300.74990001
28/05/2050 16:00,82975300.74990001
28/05/2050 17:00,82975300.74990001
28/05/2050 18:00,82975300.74990001
28/05/2050 19:00,82975300.74990001
28/05/2050 20:00,82975300.74990001
28/05/2050 21:00,82975300.74990001
28/05/2050 22:00,82975300.74990001
28/05/2050 23:00,82975300.74990001
29/05/2050 00:00,105391361.18160002
29/05/2050 01:00,105391361.18160002
29/05/2050 02:00,105391361.18160002
29/05/2050 03:00,105391361.18160002
29/05/2050 04:00,105391361.18160002
29/05/2050 05:00,105391361.18160002
29/05/2050 06:00,105391361.18160002
29/05/2050 07:00,105391361.18160002
29/05/2050 08:00,105391361.18160002
29/05/2050 09:00,105391361.18160002
29/05/2050 10:00,105391361.18160002
29/05/2050 11:00,105391361.18160002
29/05/2050 12:00,105391361.18160002
29/05/2050 13:00,105391361.18160002
29/05/2050 14:00,105391361.18160002
29/05/2050 15:00,105391361.18160002
29/05/2050 16:00,105391361.18160002
29/05/2050 17:00,105391361.18160002
29/05/2050 18:00,105391361.18160002
29/05/2050 19:00,105391361.18160002
29/05/2050 20:00,105391361.18160002
29/05/2050 21:00,105391361.18160002
29/05/2050 22:00,105391361.18160002
29/05/2050 23:00,105391361.18160002
30/05/2050 00:00,109802664.15300001
30/05/2050 01:00,109802664.15300001
30/05/2050 02:00,109802664.15300001
30/05/2050 03:00,109802664.15300001
30/05/2050 04:00,109802664.15300001
30/05/2050 05:00,109802664.15300001
30/05/2050 06:00,109802664.15300001
30/05/2050 07:00,109802664.15300001
30/05/2050 08:00,109802664.15300001
30/05/2050 09:00,109802664.15300001
30/05/2050 10:00,109802664.15300001
30/05/2050 11:00,109802664.15300001
30/05/2050 12:00,109802664.15300001
30/05/2050 13:00,109802664.15300001
30/05/2050 14:00,109802664.15300001
30/05/2050 15:00,109802664.15300001
30/05/2050 16:00,109802664.15300001
30/05/2050 17:00,109802664.15300001
30/05/2050 18:00,109802664.15300001
30/05/2050 19:00,109802664.15300001
30/05/2050 20:00,109802664.15300001
30/05/2050 21:00,109802664.15300001
30/05/2050 22:00,109802664.15300001
30/05/2050 23:00,109802664.15300001
31/05/2050 00:00,97939208.28510003
31/05/2050 01:00,97939208.28510003
31/05/2050 02:00,97939208.28510003
31/05/2050 03:00,97939208.28510003
31/05/2050 04:00,97939208.28510003
31/05/2050 05:00,97939208.28510003
31/05/2050 06:00,97939208.28510003
31/05/2050 07:00,97939208.28510003
31/05/2050 08:00,97939208.28510003
31/05/2050 09:00,97939208.28510003
31/05/2050 10:00,97939208.28510003
31/05/2050 11:00,97939208.28510003
31/05/2050 12:00,97939208.28510003
31/05/2050 13:00,97939208.28510003
31/05/2050 14:00,97939208.28510003
31/05/2050 15:00,97939208.28510003
31/05/2050 16:00,97939208.28510003
31/05/2050 17:00,97939208.28510003
31/05/2050 18:00,97939208.28510003
31/05/2050 19:00,97939208.28510003
31/05/2050 20:00,97939208.28510003
31/05/2050 21:00,97939208.28510003
31/05/2050 22:00,97939208.28510003
31/05/2050 23:00,97939208.28510003
01/06/2050 00:00,86994935.1297
01/06/2050 01:00,86994935.1297
01/06/2050 02:00,86994935.1297
01/06/2050 03:00,86994935.1297
01/06/2050 04:00,86994935.1297
01/06/2050 05:00,86994935.1297
01/06/2050 06:00,86994935.1297
01/06/2050 07:00,86994935.1297
01/06/2050 08:00,86994935.1297
01/06/2050 09:00,86994935.1297
01/06/2050 10:00,86994935.1297
01/06/2050 11:00,86994935.1297
01/06/2050 12:00,86994935.1297
01/06/2050 13:00,86994935.1297
01/06/2050 14:00,86994935.1297
01/06/2050 15:00,86994935.1297
01/06/2050 16:00,86994935.1297
01/06/2050 17:00,86994935.1297
01/06/2050 18:00,86994935.1297
01/06/2050 19:00,86994935.1297
01/06/2050 20:00,86994935.1297
01/06/2050 21:00,86994935.1297
01/06/2050 22:00,86994935.1297
01/06/2050 23:00,86994935.1297
02/06/2050 00:00,75624935.24430001
02/06/2050 01:00,75624935.24430001
02/06/2050 02:00,75624935.24430001
02/06/2050 03:00,75624935.24430001
02/06/2050 04:00,75624935.24430001
02/06/2050 05:00,75624935.24430001
02/06/2050 06:00,75624935.24430001
02/06/2050 07:00,75624935.24430001
02/06/2050 08:00,75624935.24430001
02/06/2050 09:00,75624935.24430001
02/06/2050 10:00,75624935.24430001
02/06/2050 11:00,75624935.24430001
02/06/2050 12:00,75624935.24430001
02/06/2050 13:00,75624935.24430001
02/06/2050 14:00,75624935.24430001
02/06/2050 15:00,75624935.24430001
02/06/2050 16:00,75624935.24430001
02/06/2050 17:00,75624935.24430001
02/06/2050 18:00,75624935.24430001
02/06/2050 19:00,75624935.24430001
02/06/2050 20:00,75624935.24430001
02/06/2050 21:00,75624935.24430001
02/06/2050 22:00,75624935.24430001
02/06/2050 23:00,75624935.24430001
03/06/2050 00:00,45204438.24
03/06/2050 01:00,45204438.24
03/06/2050 02:00,45204438.24
03/06/2050 03:00,45204438.24
03/06/2050 04:00,45204438.24
03/06/2050 05:00,45204438.24
03/06/2050 06:00,45204438.24
03/06/2050 07:00,45204438.24
03/06/2050 08:00,45204438.24
03/06/2050 09:00,45204438.24
03/06/2050 10:00,45204438.24
03/06/2050 11:00,45204438.24
03/06/2050 12:00,45204438.24
03/06/2050 13:00,45204438.24
03/06/2050 14:00,45204438.24
03/06/2050 15:00,45204438.24
03/06/2050 16:00,45204438.24
03/06/2050 17:00,45204438.24
03/06/2050 18:00,45204438.24
03/06/2050 19:00,45204438.24
03/06/2050 20:00,45204438.24
03/06/2050 21:00,45204438.24
03/06/2050 22:00,45204438.24
03/06/2050 23:00,45204438.24
04/06/2050 00:00,50953297.19220002
04/06/2050 01:00,50953297.19220002
04/06/2050 02:00,50953297.19220002
04/06/2050 03:00,50953297.19220002
04/06/2050 04:00,50953297.19220002
04/06/2050 05:00,50953297.19220002
04/06/2050 06:00,50953297.19220002
04/06/2050 07:00,50953297.19220002
04/06/2050 08:00,50953297.19220002
04/06/2050 09:00,50953297.19220002
04/06/2050 10:00,50953297.19220002
04/06/2050 11:00,50953297.19220002
04/06/2050 12:00,50953297.19220002
04/06/2050 13:00,50953297.19220002
04/06/2050 14:00,50953297.19220002
04/06/2050 15:00,50953297.19220002
04/06/2050 16:00,50953297.19220002
04/06/2050 17:00,50953297.19220002
04/06/2050 18:00,50953297.19220002
04/06/2050 19:00,50953297.19220002
04/06/2050 20:00,50953297.19220002
04/06/2050 21:00,50953297.19220002
04/06/2050 22:00,50953297.19220002
04/06/2050 23:00,50953297.19220002
05/06/2050 00:00,49125381.42330003
05/06/2050 01:00,49125381.42330003
05/06/2050 02:00,49125381.42330003
05/06/2050 03:00,49125381.42330003
05/06/2050 04:00,49125381.42330003
05/06/2050 05:00,49125381.42330003
05/06/2050 06:00,49125381.42330003
05/06/2050 07:00,49125381.42330003
05/06/2050 08:00,49125381.42330003
05/06/2050 09:00,49125381.42330003
05/06/2050 10:00,49125381.42330003
05/06/2050 11:00,49125381.42330003
05/06/2050 12:00,49125381.42330003
05/06/2050 13:00,49125381.42330003
05/06/2050 14:00,49125381.42330003
05/06/2050 15:00,49125381.42330003
05/06/2050 16:00,49125381.42330003
05/06/2050 17:00,49125381.42330003
05/06/2050 18:00,49125381.42330003
05/06/2050 19:00,49125381.42330003
05/06/2050 20:00,49125381.42330003
05/06/2050 21:00,49125381.42330003
05/06/2050 22:00,49125381.42330003
05/06/2050 23:00,49125381.42330003
06/06/2050 00:00,58992952.97610001
06/06/2050 01:00,58992952.97610001
06/06/2050 02:00,58992952.97610001
06/06/2050 03:00,58992952.97610001
06/06/2050 04:00,58992952.97610001
06/06/2050 05:00,58992952.97610001
06/06/2050 06:00,58992952.97610001
06/06/2050 07:00,58992952.97610001
06/06/2050 08:00,58992952.97610001
06/06/2050 09:00,58992952.97610001
06/06/2050 10:00,58992952.97610001
06/06/2050 11:00,58992952.97610001
06/06/2050 12:00,58992952.97610001
06/06/2050 13:00,58992952.97610001
06/06/2050 14:00,58992952.97610001
06/06/2050 15:00,58992952.97610001
06/06/2050 16:00,58992952.97610001
06/06/2050 17:00,58992952.97610001
06/06/2050 18:00,58992952.97610001
06/06/2050 19:00,58992952.97610001
06/06/2050 20:00,58992952.97610001
06/06/2050 21:00,58992952.97610001
06/06/2050 22:00,58992952.97610001
06/06/2050 23:00,58992952.97610001
07/06/2050 00:00,55680799.01670002
07/06/2050 01:00,55680799.01670002
07/06/2050 02:00,55680799.01670002
07/06/2050 03:00,55680799.01670002
07/06/2050 04:00,55680799.01670002
07/06/2050 05:00,55680799.01670002
07/06/2050 06:00,55680799.01670002
07/06/2050 07:00,55680799.01670002
07/06/2050 08:00,55680799.01670002
07/06/2050 09:00,55680799.01670002
07/06/2050 10:00,55680799.01670002
07/06/2050 11:00,55680799.01670002
07/06/2050 12:00,55680799.01670002
07/06/2050 13:00,55680799.01670002
07/06/2050 14:00,55680799.01670002
07/06/2050 15:00,55680799.01670002
07/06/2050 16:00,55680799.01670002
07/06/2050 17:00,55680799.01670002
07/06/2050 18:00,55680799.01670002
07/06/2050 19:00,55680799.01670002
07/06/2050 20:00,55680799.01670002
07/06/2050 21:00,55680799.01670002
07/06/2050 22:00,55680799.01670002
07/06/2050 23:00,55680799.01670002
08/06/2050 00:00,42624921.28050001
08/06/2050 01:00,42624921.28050001
08/06/2050 02:00,42624921.28050001
08/06/2050 03:00,42624921.28050001
08/06/2050 04:00,42624921.28050001
08/06/2050 05:00,42624921.28050001
08/06/2050 06:00,42624921.28050001
08/06/2050 07:00,42624921.28050001
08/06/2050 08:00,42624921.28050001
08/06/2050 09:00,42624921.28050001
08/06/2050 10:00,42624921.28050001
08/06/2050 11:00,42624921.28050001
08/06/2050 12:00,42624921.28050001
08/06/2050 13:00,42624921.28050001
08/06/2050 14:00,42624921.28050001
08/06/2050 15:00,42624921.28050001
08/06/2050 16:00,42624921.28050001
08/06/2050 17:00,42624921.28050001
08/06/2050 18:00,42624921.28050001
08/06/2050 19:00,42624921.28050001
08/06/2050 20:00,42624921.28050001
08/06/2050 21:00,42624921.28050001
08/06/2050 22:00,42624921.28050001
08/06/2050 23:00,42624921.28050001
09/06/2050 00:00,47283145.7553
09/06/2050 01:00,47283145.7553
09/06/2050 02:00,47283145.7553
09/06/2050 03:00,47283145.7553
09/06/2050 04:00,47283145.7553
09/06/2050 05:00,47283145.7553
09/06/2050 06:00,47283145.7553
09/06/2050 07:00,47283145.7553
09/06/2050 08:00,47283145.7553
09/06/2050 09:00,47283145.7553
09/06/2050 10:00,47283145.7553
09/06/2050 11:00,47283145.7553
09/06/2050 12:00,47283145.7553
09/06/2050 13:00,47283145.7553
09/06/2050 14:00,47283145.7553
09/06/2050 15:00,47283145.7553
09/06/2050 16:00,47283145.7553
09/06/2050 17:00,47283145.7553
09/06/2050 18:00,47283145.7553
09/06/2050 19:00,47283145.7553
09/06/2050 20:00,47283145.7553
09/06/2050 21:00,47283145.7553
09/06/2050 22:00,47283145.7553
09/06/2050 23:00,47283145.7553
10/06/2050 00:00,36339259.6242
10/06/2050 01:00,36339259.6242
10/06/2050 02:00,36339259.6242
10/06/2050 03:00,36339259.6242
10/06/2050 04:00,36339259.6242
10/06/2050 05:00,36339259.6242
10/06/2050 06:00,36339259.6242
10/06/2050 07:00,36339259.6242
10/06/2050 08:00,36339259.6242
10/06/2050 09:00,36339259.6242
10/06/2050 10:00,36339259.6242
10/06/2050 11:00,36339259.6242
10/06/2050 12:00,36339259.6242
10/06/2050 13:00,36339259.6242
10/06/2050 14:00,36339259.6242
10/06/2050 15:00,36339259.6242
10/06/2050 16:00,36339259.6242
10/06/2050 17:00,36339259.6242
10/06/2050 18:00,36339259.6242
10/06/2050 19:00,36339259.6242
10/06/2050 20:00,36339259.6242
10/06/2050 21:00,36339259.6242
10/06/2050 22:00,36339259.6242
10/06/2050 23:00,36339259.6242
11/06/2050 00:00,46787754.651300006
11/06/2050 01:00,46787754.651300006
11/06/2050 02:00,46787754.651300006
11/06/2050 03:00,46787754.651300006
11/06/2050 04:00,46787754.651300006
11/06/2050 05:00,46787754.651300006
11/06/2050 06:00,46787754.651300006
11/06/2050 07:00,46787754.651300006
11/06/2050 08:00,46787754.651300006
11/06/2050 09:00,46787754.651300006
11/06/2050 10:00,46787754.651300006
11/06/2050 11:00,46787754.651300006
11/06/2050 12:00,46787754.651300006
11/06/2050 13:00,46787754.651300006
11/06/2050 14:00,46787754.651300006
11/06/2050 15:00,46787754.651300006
11/06/2050 16:00,46787754.651300006
11/06/2050 17:00,46787754.651300006
11/06/2050 18:00,46787754.651300006
11/06/2050 19:00,46787754.651300006
11/06/2050 20:00,46787754.651300006
11/06/2050 21:00,46787754.651300006
11/06/2050 22:00,46787754.651300006
11/06/2050 23:00,46787754.651300006
12/06/2050 00:00,47933346.5793
12/06/2050 01:00,47933346.5793
12/06/2050 02:00,47933346.5793
12/06/2050 03:00,47933346.5793
12/06/2050 04:00,47933346.5793
12/06/2050 05:00,47933346.5793
12/06/2050 06:00,47933346.5793
12/06/2050 07:00,47933346.5793
12/06/2050 08:00,47933346.5793
12/06/2050 09:00,47933346.5793
12/06/2050 10:00,47933346.5793
12/06/2050 11:00,47933346.5793
12/06/2050 12:00,47933346.5793
12/06/2050 13:00,47933346.5793
12/06/2050 14:00,47933346.5793
12/06/2050 15:00,47933346.5793
12/06/2050 16:00,47933346.5793
12/06/2050 17:00,47933346.5793
12/06/2050 18:00,47933346.5793
12/06/2050 19:00,47933346.5793
12/06/2050 20:00,47933346.5793
12/06/2050 21:00,47933346.5793
12/06/2050 22:00,47933346.5793
12/06/2050 23:00,47933346.5793
13/06/2050 00:00,49738814.93880003
13/06/2050 01:00,49738814.93880003
13/06/2050 02:00,49738814.93880003
13/06/2050 03:00,49738814.93880003
13/06/2050 04:00,49738814.93880003
13/06/2050 05:00,49738814.93880003
13/06/2050 06:00,49738814.93880003
13/06/2050 07:00,49738814.93880003
13/06/2050 08:00,49738814.93880003
13/06/2050 09:00,49738814.93880003
13/06/2050 10:00,49738814.93880003
13/06/2050 11:00,49738814.93880003
13/06/2050 12:00,49738814.93880003
13/06/2050 13:00,49738814.93880003
13/06/2050 14:00,49738814.93880003
13/06/2050 15:00,49738814.93880003
13/06/2050 16:00,49738814.93880003
13/06/2050 17:00,49738814.93880003
13/06/2050 18:00,49738814.93880003
13/06/2050 19:00,49738814.93880003
13/06/2050 20:00,49738814.93880003
13/06/2050 21:00,49738814.93880003
13/06/2050 22:00,49738814.93880003
13/06/2050 23:00,49738814.93880003
14/06/2050 00:00,48363330.57660001
14/06/2050 01:00,48363330.57660001
14/06/2050 02:00,48363330.57660001
14/06/2050 03:00,48363330.57660001
14/06/2050 04:00,48363330.57660001
14/06/2050 05:00,48363330.57660001
14/06/2050 06:00,48363330.57660001
14/06/2050 07:00,48363330.57660001
14/06/2050 08:00,48363330.57660001
14/06/2050 09:00,48363330.57660001
14/06/2050 10:00,48363330.57660001
14/06/2050 11:00,48363330.57660001
14/06/2050 12:00,48363330.57660001
14/06/2050 13:00,48363330.57660001
14/06/2050 14:00,48363330.57660001
14/06/2050 15:00,48363330.57660001
14/06/2050 16:00,48363330.57660001
14/06/2050 17:00,48363330.57660001
14/06/2050 18:00,48363330.57660001
14/06/2050 19:00,48363330.57660001
14/06/2050 20:00,48363330.57660001
14/06/2050 21:00,48363330.57660001
14/06/2050 22:00,48363330.57660001
14/06/2050 23:00,48363330.57660001
15/06/2050 00:00,34735817.9493
15/06/2050 01:00,34735817.9493
15/06/2050 02:00,34735817.9493
15/06/2050 03:00,34735817.9493
15/06/2050 04:00,34735817.9493
15/06/2050 05:00,34735817.9493
15/06/2050 06:00,34735817.9493
15/06/2050 07:00,34735817.9493
15/06/2050 08:00,34735817.9493
15/06/2050 09:00,34735817.9493
15/06/2050 10:00,34735817.9493
15/06/2050 11:00,34735817.9493
15/06/2050 12:00,34735817.9493
15/06/2050 13:00,34735817.9493
15/06/2050 14:00,34735817.9493
15/06/2050 15:00,34735817.9493
15/06/2050 16:00,34735817.9493
15/06/2050 17:00,34735817.9493
15/06/2050 18:00,34735817.9493
15/06/2050 19:00,34735817.9493
15/06/2050 20:00,34735817.9493
15/06/2050 21:00,34735817.9493
15/06/2050 22:00,34735817.9493
15/06/2050 23:00,34735817.9493
16/06/2050 00:00,38756613.40200001
16/06/2050 01:00,38756613.40200001
16/06/2050 02:00,38756613.40200001
16/06/2050 03:00,38756613.40200001
16/06/2050 04:00,38756613.40200001
16/06/2050 05:00,38756613.40200001
16/06/2050 06:00,38756613.40200001
16/06/2050 07:00,38756613.40200001
16/06/2050 08:00,38756613.40200001
16/06/2050 09:00,38756613.40200001
16/06/2050 10:00,38756613.40200001
16/06/2050 11:00,38756613.40200001
16/06/2050 12:00,38756613.40200001
16/06/2050 13:00,38756613.40200001
16/06/2050 14:00,38756613.40200001
16/06/2050 15:00,38756613.40200001
16/06/2050 16:00,38756613.40200001
16/06/2050 17:00,38756613.40200001
16/06/2050 18:00,38756613.40200001
16/06/2050 19:00,38756613.40200001
16/06/2050 20:00,38756613.40200001
16/06/2050 21:00,38756613.40200001
16/06/2050 22:00,38756613.40200001
16/06/2050 23:00,38756613.40200001
17/06/2050 00:00,13166953.710299997
17/06/2050 01:00,13166953.710299997
17/06/2050 02:00,13166953.710299997
17/06/2050 03:00,13166953.710299997
17/06/2050 04:00,13166953.710299997
17/06/2050 05:00,13166953.710299997
17/06/2050 06:00,13166953.710299997
17/06/2050 07:00,13166953.710299997
17/06/2050 08:00,13166953.710299997
17/06/2050 09:00,13166953.710299997
17/06/2050 10:00,13166953.710299997
17/06/2050 11:00,13166953.710299997
17/06/2050 12:00,13166953.710299997
17/06/2050 13:00,13166953.710299997
17/06/2050 14:00,13166953.710299997
17/06/2050 15:00,13166953.710299997
17/06/2050 16:00,13166953.710299997
17/06/2050 17:00,13166953.710299997
17/06/2050 18:00,13166953.710299997
17/06/2050 19:00,13166953.710299997
17/06/2050 20:00,13166953.710299997
17/06/2050 21:00,13166953.710299997
17/06/2050 22:00,13166953.710299997
17/06/2050 23:00,13166953.710299997
18/06/2050 00:00,34303124.781899996
18/06/2050 01:00,34303124.781899996
18/06/2050 02:00,34303124.781899996
18/06/2050 03:00,34303124.781899996
18/06/2050 04:00,34303124.781899996
18/06/2050 05:00,34303124.781899996
18/06/2050 06:00,34303124.781899996
18/06/2050 07:00,34303124.781899996
18/06/2050 08:00,34303124.781899996
18/06/2050 09:00,34303124.781899996
18/06/2050 10:00,34303124.781899996
18/06/2050 11:00,34303124.781899996
18/06/2050 12:00,34303124.781899996
18/06/2050 13:00,34303124.781899996
18/06/2050 14:00,34303124.781899996
18/06/2050 15:00,34303124.781899996
18/06/2050 16:00,34303124.781899996
18/06/2050 17:00,34303124.781899996
18/06/2050 18:00,34303124.781899996
18/06/2050 19:00,34303124.781899996
18/06/2050 20:00,34303124.781899996
18/06/2050 21:00,34303124.781899996
18/06/2050 22:00,34303124.781899996
18/06/2050 23:00,34303124.781899996
19/06/2050 00:00,58080736.70100001
19/06/2050 01:00,58080736.70100001
19/06/2050 02:00,58080736.70100001
19/06/2050 03:00,58080736.70100001
19/06/2050 04:00,58080736.70100001
19/06/2050 05:00,58080736.70100001
19/06/2050 06:00,58080736.70100001
19/06/2050 07:00,58080736.70100001
19/06/2050 08:00,58080736.70100001
19/06/2050 09:00,58080736.70100001
19/06/2050 10:00,58080736.70100001
19/06/2050 11:00,58080736.70100001
19/06/2050 12:00,58080736.70100001
19/06/2050 13:00,58080736.70100001
19/06/2050 14:00,58080736.70100001
19/06/2050 15:00,58080736.70100001
19/06/2050 16:00,58080736.70100001
19/06/2050 17:00,58080736.70100001
19/06/2050 18:00,58080736.70100001
19/06/2050 19:00,58080736.70100001
19/06/2050 20:00,58080736.70100001
19/06/2050 21:00,58080736.70100001
19/06/2050 22:00,58080736.70100001
19/06/2050 23:00,58080736.70100001
20/06/2050 00:00,50870861.0163
20/06/2050 01:00,50870861.0163
20/06/2050 02:00,50870861.0163
20/06/2050 03:00,50870861.0163
20/06/2050 04:00,50870861.0163
20/06/2050 05:00,50870861.0163
20/06/2050 06:00,50870861.0163
20/06/2050 07:00,50870861.0163
20/06/2050 08:00,50870861.0163
20/06/2050 09:00,50870861.0163
20/06/2050 10:00,50870861.0163
20/06/2050 11:00,50870861.0163
20/06/2050 12:00,50870861.0163
20/06/2050 13:00,50870861.0163
20/06/2050 14:00,50870861.0163
20/06/2050 15:00,50870861.0163
20/06/2050 16:00,50870861.0163
20/06/2050 17:00,50870861.0163
20/06/2050 18:00,50870861.0163
20/06/2050 19:00,50870861.0163
20/06/2050 20:00,50870861.0163
20/06/2050 21:00,50870861.0163
20/06/2050 22:00,50870861.0163
20/06/2050 23:00,50870861.0163
21/06/2050 00:00,64086192.76410001
21/06/2050 01:00,64086192.76410001
21/06/2050 02:00,64086192.76410001
21/06/2050 03:00,64086192.76410001
21/06/2050 04:00,64086192.76410001
21/06/2050 05:00,64086192.76410001
21/06/2050 06:00,64086192.76410001
21/06/2050 07:00,64086192.76410001
21/06/2050 08:00,64086192.76410001
21/06/2050 09:00,64086192.76410001
21/06/2050 10:00,64086192.76410001
21/06/2050 11:00,64086192.76410001
21/06/2050 12:00,64086192.76410001
21/06/2050 13:00,64086192.76410001
21/06/2050 14:00,64086192.76410001
21/06/2050 15:00,64086192.76410001
21/06/2050 16:00,64086192.76410001
21/06/2050 17:00,64086192.76410001
21/06/2050 18:00,64086192.76410001
21/06/2050 19:00,64086192.76410001
21/06/2050 20:00,64086192.76410001
21/06/2050 21:00,64086192.76410001
21/06/2050 22:00,64086192.76410001
21/06/2050 23:00,64086192.76410001
22/06/2050 00:00,45784587.6657
22/06/2050 01:00,45784587.6657
22/06/2050 02:00,45784587.6657
22/06/2050 03:00,45784587.6657
22/06/2050 04:00,45784587.6657
22/06/2050 05:00,45784587.6657
22/06/2050 06:00,45784587.6657
22/06/2050 07:00,45784587.6657
22/06/2050 08:00,45784587.6657
22/06/2050 09:00,45784587.6657
22/06/2050 10:00,45784587.6657
22/06/2050 11:00,45784587.6657
22/06/2050 12:00,45784587.6657
22/06/2050 13:00,45784587.6657
22/06/2050 14:00,45784587.6657
22/06/2050 15:00,45784587.6657
22/06/2050 16:00,45784587.6657
22/06/2050 17:00,45784587.6657
22/06/2050 18:00,45784587.6657
22/06/2050 19:00,45784587.6657
22/06/2050 20:00,45784587.6657
22/06/2050 21:00,45784587.6657
22/06/2050 22:00,45784587.6657
22/06/2050 23:00,45784587.6657
23/06/2050 00:00,27288696.368699994
23/06/2050 01:00,27288696.368699994
23/06/2050 02:00,27288696.368699994
23/06/2050 03:00,27288696.368699994
23/06/2050 04:00,27288696.368699994
23/06/2050 05:00,27288696.368699994
23/06/2050 06:00,27288696.368699994
23/06/2050 07:00,27288696.368699994
23/06/2050 08:00,27288696.368699994
23/06/2050 09:00,27288696.368699994
23/06/2050 10:00,27288696.368699994
23/06/2050 11:00,27288696.368699994
23/06/2050 12:00,27288696.368699994
23/06/2050 13:00,27288696.368699994
23/06/2050 14:00,27288696.368699994
23/06/2050 15:00,27288696.368699994
23/06/2050 16:00,27288696.368699994
23/06/2050 17:00,27288696.368699994
23/06/2050 18:00,27288696.368699994
23/06/2050 19:00,27288696.368699994
23/06/2050 20:00,27288696.368699994
23/06/2050 21:00,27288696.368699994
23/06/2050 22:00,27288696.368699994
23/06/2050 23:00,27288696.368699994
24/06/2050 00:00,30651550.511399996
24/06/2050 01:00,30651550.511399996
24/06/2050 02:00,30651550.511399996
24/06/2050 03:00,30651550.511399996
24/06/2050 04:00,30651550.511399996
24/06/2050 05:00,30651550.511399996
24/06/2050 06:00,30651550.511399996
24/06/2050 07:00,30651550.511399996
24/06/2050 08:00,30651550.511399996
24/06/2050 09:00,30651550.511399996
24/06/2050 10:00,30651550.511399996
24/06/2050 11:00,30651550.511399996
24/06/2050 12:00,30651550.511399996
24/06/2050 13:00,30651550.511399996
24/06/2050 14:00,30651550.511399996
24/06/2050 15:00,30651550.511399996
24/06/2050 16:00,30651550.511399996
24/06/2050 17:00,30651550.511399996
24/06/2050 18:00,30651550.511399996
24/06/2050 19:00,30651550.511399996
24/06/2050 20:00,30651550.511399996
24/06/2050 21:00,30651550.511399996
24/06/2050 22:00,30651550.511399996
24/06/2050 23:00,30651550.511399996
25/06/2050 00:00,39364628.5773
25/06/2050 01:00,39364628.5773
25/06/2050 02:00,39364628.5773
25/06/2050 03:00,39364628.5773
25/06/2050 04:00,39364628.5773
25/06/2050 05:00,39364628.5773
25/06/2050 06:00,39364628.5773
25/06/2050 07:00,39364628.5773
25/06/2050 08:00,39364628.5773
25/06/2050 09:00,39364628.5773
25/06/2050 10:00,39364628.5773
25/06/2050 11:00,39364628.5773
25/06/2050 12:00,39364628.5773
25/06/2050 13:00,39364628.5773
25/06/2050 14:00,39364628.5773
25/06/2050 15:00,39364628.5773
25/06/2050 16:00,39364628.5773
25/06/2050 17:00,39364628.5773
25/06/2050 18:00,39364628.5773
25/06/2050 19:00,39364628.5773
25/06/2050 20:00,39364628.5773
25/06/2050 21:00,39364628.5773
25/06/2050 22:00,39364628.5773
25/06/2050 23:00,39364628.5773
26/06/2050 00:00,45579077.7624
26/06/2050 01:00,45579077.7624
26/06/2050 02:00,45579077.7624
26/06/2050 03:00,45579077.7624
26/06/2050 04:00,45579077.7624
26/06/2050 05:00,45579077.7624
26/06/2050 06:00,45579077.7624
26/06/2050 07:00,45579077.7624
26/06/2050 08:00,45579077.7624
26/06/2050 09:00,45579077.7624
26/06/2050 10:00,45579077.7624
26/06/2050 11:00,45579077.7624
26/06/2050 12:00,45579077.7624
26/06/2050 13:00,45579077.7624
26/06/2050 14:00,45579077.7624
26/06/2050 15:00,45579077.7624
26/06/2050 16:00,45579077.7624
26/06/2050 17:00,45579077.7624
26/06/2050 18:00,45579077.7624
26/06/2050 19:00,45579077.7624
26/06/2050 20:00,45579077.7624
26/06/2050 21:00,45579077.7624
26/06/2050 22:00,45579077.7624
26/06/2050 23:00,45579077.7624
27/06/2050 00:00,46816394.449499995
27/06/2050 01:00,46816394.449499995
27/06/2050 02:00,46816394.449499995
27/06/2050 03:00,46816394.449499995
27/06/2050 04:00,46816394.449499995
27/06/2050 05:00,46816394.449499995
27/06/2050 06:00,46816394.449499995
27/06/2050 07:00,46816394.449499995
27/06/2050 08:00,46816394.449499995
27/06/2050 09:00,46816394.449499995
27/06/2050 10:00,46816394.449499995
27/06/2050 11:00,46816394.449499995
27/06/2050 12:00,46816394.449499995
27/06/2050 13:00,46816394.449499995
27/06/2050 14:00,46816394.449499995
27/06/2050 15:00,46816394.449499995
27/06/2050 16:00,46816394.449499995
27/06/2050 17:00,46816394.449499995
27/06/2050 18:00,46816394.449499995
27/06/2050 19:00,46816394.449499995
27/06/2050 20:00,46816394.449499995
27/06/2050 21:00,46816394.449499995
27/06/2050 22:00,46816394.449499995
27/06/2050 23:00,46816394.449499995
28/06/2050 00:00,49725656.11260001
28/06/2050 01:00,49725656.11260001
28/06/2050 02:00,49725656.11260001
28/06/2050 03:00,49725656.11260001
28/06/2050 04:00,49725656.11260001
28/06/2050 05:00,49725656.11260001
28/06/2050 06:00,49725656.11260001
28/06/2050 07:00,49725656.11260001
28/06/2050 08:00,49725656.11260001
28/06/2050 09:00,49725656.11260001
28/06/2050 10:00,49725656.11260001
28/06/2050 11:00,49725656.11260001
28/06/2050 12:00,49725656.11260001
28/06/2050 13:00,49725656.11260001
28/06/2050 14:00,49725656.11260001
28/06/2050 15:00,49725656.11260001
28/06/2050 16:00,49725656.11260001
28/06/2050 17:00,49725656.11260001
28/06/2050 18:00,49725656.11260001
28/06/2050 19:00,49725656.11260001
28/06/2050 20:00,49725656.11260001
28/06/2050 21:00,49725656.11260001
28/06/2050 22:00,49725656.11260001
28/06/2050 23:00,49725656.11260001
29/06/2050 00:00,36497939.58719999
29/06/2050 01:00,36497939.58719999
29/06/2050 02:00,36497939.58719999
29/06/2050 03:00,36497939.58719999
29/06/2050 04:00,36497939.58719999
29/06/2050 05:00,36497939.58719999
29/06/2050 06:00,36497939.58719999
29/06/2050 07:00,36497939.58719999
29/06/2050 08:00,36497939.58719999
29/06/2050 09:00,36497939.58719999
29/06/2050 10:00,36497939.58719999
29/06/2050 11:00,36497939.58719999
29/06/2050 12:00,36497939.58719999
29/06/2050 13:00,36497939.58719999
29/06/2050 14:00,36497939.58719999
29/06/2050 15:00,36497939.58719999
29/06/2050 16:00,36497939.58719999
29/06/2050 17:00,36497939.58719999
29/06/2050 18:00,36497939.58719999
29/06/2050 19:00,36497939.58719999
29/06/2050 20:00,36497939.58719999
29/06/2050 21:00,36497939.58719999
29/06/2050 22:00,36497939.58719999
29/06/2050 23:00,36497939.58719999
30/06/2050 00:00,45164961.76140001
30/06/2050 01:00,45164961.76140001
30/06/2050 02:00,45164961.76140001
30/06/2050 03:00,45164961.76140001
30/06/2050 04:00,45164961.76140001
30/06/2050 05:00,45164961.76140001
30/06/2050 06:00,45164961.76140001
30/06/2050 07:00,45164961.76140001
30/06/2050 08:00,45164961.76140001
30/06/2050 09:00,45164961.76140001
30/06/2050 10:00,45164961.76140001
30/06/2050 11:00,45164961.76140001
30/06/2050 12:00,45164961.76140001
30/06/2050 13:00,45164961.76140001
30/06/2050 14:00,45164961.76140001
30/06/2050 15:00,45164961.76140001
30/06/2050 16:00,45164961.76140001
30/06/2050 17:00,45164961.76140001
30/06/2050 18:00,45164961.76140001
30/06/2050 19:00,45164961.76140001
30/06/2050 20:00,45164961.76140001
30/06/2050 21:00,45164961.76140001
30/06/2050 22:00,45164961.76140001
30/06/2050 23:00,45164961.76140001
01/07/2050 00:00,55862313.41340002
01/07/2050 01:00,55862313.41340002
01/07/2050 02:00,55862313.41340002
01/07/2050 03:00,55862313.41340002
01/07/2050 04:00,55862313.41340002
01/07/2050 05:00,55862313.41340002
01/07/2050 06:00,55862313.41340002
01/07/2050 07:00,55862313.41340002
01/07/2050 08:00,55862313.41340002
01/07/2050 09:00,55862313.41340002
01/07/2050 10:00,55862313.41340002
01/07/2050 11:00,55862313.41340002
01/07/2050 12:00,55862313.41340002
01/07/2050 13:00,55862313.41340002
01/07/2050 14:00,55862313.41340002
01/07/2050 15:00,55862313.41340002
01/07/2050 16:00,55862313.41340002
01/07/2050 17:00,55862313.41340002
01/07/2050 18:00,55862313.41340002
01/07/2050 19:00,55862313.41340002
01/07/2050 20:00,55862313.41340002
01/07/2050 21:00,55862313.41340002
01/07/2050 22:00,55862313.41340002
01/07/2050 23:00,55862313.41340002
02/07/2050 00:00,46078339.1094
02/07/2050 01:00,46078339.1094
02/07/2050 02:00,46078339.1094
02/07/2050 03:00,46078339.1094
02/07/2050 04:00,46078339.1094
02/07/2050 05:00,46078339.1094
02/07/2050 06:00,46078339.1094
02/07/2050 07:00,46078339.1094
02/07/2050 08:00,46078339.1094
02/07/2050 09:00,46078339.1094
02/07/2050 10:00,46078339.1094
02/07/2050 11:00,46078339.1094
02/07/2050 12:00,46078339.1094
02/07/2050 13:00,46078339.1094
02/07/2050 14:00,46078339.1094
02/07/2050 15:00,46078339.1094
02/07/2050 16:00,46078339.1094
02/07/2050 17:00,46078339.1094
02/07/2050 18:00,46078339.1094
02/07/2050 19:00,46078339.1094
02/07/2050 20:00,46078339.1094
02/07/2050 21:00,46078339.1094
02/07/2050 22:00,46078339.1094
02/07/2050 23:00,46078339.1094
03/07/2050 00:00,37540583.0514
03/07/2050 01:00,37540583.0514
03/07/2050 02:00,37540583.0514
03/07/2050 03:00,37540583.0514
03/07/2050 04:00,37540583.0514
03/07/2050 05:00,37540583.0514
03/07/2050 06:00,37540583.0514
03/07/2050 07:00,37540583.0514
03/07/2050 08:00,37540583.0514
03/07/2050 09:00,37540583.0514
03/07/2050 10:00,37540583.0514
03/07/2050 11:00,37540583.0514
03/07/2050 12:00,37540583.0514
03/07/2050 13:00,37540583.0514
03/07/2050 14:00,37540583.0514
03/07/2050 15:00,37540583.0514
03/07/2050 16:00,37540583.0514
03/07/2050 17:00,37540583.0514
03/07/2050 18:00,37540583.0514
03/07/2050 19:00,37540583.0514
03/07/2050 20:00,37540583.0514
03/07/2050 21:00,37540583.0514
03/07/2050 22:00,37540583.0514
03/07/2050 23:00,37540583.0514
04/07/2050 00:00,35054338.9482
04/07/2050 01:00,35054338.9482
04/07/2050 02:00,35054338.9482
04/07/2050 03:00,35054338.9482
04/07/2050 04:00,35054338.9482
04/07/2050 05:00,35054338.9482
04/07/2050 06:00,35054338.9482
04/07/2050 07:00,35054338.9482
04/07/2050 08:00,35054338.9482
04/07/2050 09:00,35054338.9482
04/07/2050 10:00,35054338.9482
04/07/2050 11:00,35054338.9482
04/07/2050 12:00,35054338.9482
04/07/2050 13:00,35054338.9482
04/07/2050 14:00,35054338.9482
04/07/2050 15:00,35054338.9482
04/07/2050 16:00,35054338.9482
04/07/2050 17:00,35054338.9482
04/07/2050 18:00,35054338.9482
04/07/2050 19:00,35054338.9482
04/07/2050 20:00,35054338.9482
04/07/2050 21:00,35054338.9482
04/07/2050 22:00,35054338.9482
04/07/2050 23:00,35054338.9482
05/07/2050 00:00,32776313.9184
05/07/2050 01:00,32776313.9184
05/07/2050 02:00,32776313.9184
05/07/2050 03:00,32776313.9184
05/07/2050 04:00,32776313.9184
05/07/2050 05:00,32776313.9184
05/07/2050 06:00,32776313.9184
05/07/2050 07:00,32776313.9184
05/07/2050 08:00,32776313.9184
05/07/2050 09:00,32776313.9184
05/07/2050 10:00,32776313.9184
05/07/2050 11:00,32776313.9184
05/07/2050 12:00,32776313.9184
05/07/2050 13:00,32776313.9184
05/07/2050 14:00,32776313.9184
05/07/2050 15:00,32776313.9184
05/07/2050 16:00,32776313.9184
05/07/2050 17:00,32776313.9184
05/07/2050 18:00,32776313.9184
05/07/2050 19:00,32776313.9184
05/07/2050 20:00,32776313.9184
05/07/2050 21:00,32776313.9184
05/07/2050 22:00,32776313.9184
05/07/2050 23:00,32776313.9184
06/07/2050 00:00,31862162.521800008
06/07/2050 01:00,31862162.521800008
06/07/2050 02:00,31862162.521800008
06/07/2050 03:00,31862162.521800008
06/07/2050 04:00,31862162.521800008
06/07/2050 05:00,31862162.521800008
06/07/2050 06:00,31862162.521800008
06/07/2050 07:00,31862162.521800008
06/07/2050 08:00,31862162.521800008
06/07/2050 09:00,31862162.521800008
06/07/2050 10:00,31862162.521800008
06/07/2050 11:00,31862162.521800008
06/07/2050 12:00,31862162.521800008
06/07/2050 13:00,31862162.521800008
06/07/2050 14:00,31862162.521800008
06/07/2050 15:00,31862162.521800008
06/07/2050 16:00,31862162.521800008
06/07/2050 17:00,31862162.521800008
06/07/2050 18:00,31862162.521800008
06/07/2050 19:00,31862162.521800008
06/07/2050 20:00,31862162.521800008
06/07/2050 21:00,31862162.521800008
06/07/2050 22:00,31862162.521800008
06/07/2050 23:00,31862162.521800008
07/07/2050 00:00,35608944.770100005
07/07/2050 01:00,35608944.770100005
07/07/2050 02:00,35608944.770100005
07/07/2050 03:00,35608944.770100005
07/07/2050 04:00,35608944.770100005
07/07/2050 05:00,35608944.770100005
07/07/2050 06:00,35608944.770100005
07/07/2050 07:00,35608944.770100005
07/07/2050 08:00,35608944.770100005
07/07/2050 09:00,35608944.770100005
07/07/2050 10:00,35608944.770100005
07/07/2050 11:00,35608944.770100005
07/07/2050 12:00,35608944.770100005
07/07/2050 13:00,35608944.770100005
07/07/2050 14:00,35608944.770100005
07/07/2050 15:00,35608944.770100005
07/07/2050 16:00,35608944.770100005
07/07/2050 17:00,35608944.770100005
07/07/2050 18:00,35608944.770100005
07/07/2050 19:00,35608944.770100005
07/07/2050 20:00,35608944.770100005
07/07/2050 21:00,35608944.770100005
07/07/2050 22:00,35608944.770100005
07/07/2050 23:00,35608944.770100005
08/07/2050 00:00,33927711.210899994
08/07/2050 01:00,33927711.210899994
08/07/2050 02:00,33927711.210899994
08/07/2050 03:00,33927711.210899994
08/07/2050 04:00,33927711.210899994
08/07/2050 05:00,33927711.210899994
08/07/2050 06:00,33927711.210899994
08/07/2050 07:00,33927711.210899994
08/07/2050 08:00,33927711.210899994
08/07/2050 09:00,33927711.210899994
08/07/2050 10:00,33927711.210899994
08/07/2050 11:00,33927711.210899994
08/07/2050 12:00,33927711.210899994
08/07/2050 13:00,33927711.210899994
08/07/2050 14:00,33927711.210899994
08/07/2050 15:00,33927711.210899994
08/07/2050 16:00,33927711.210899994
08/07/2050 17:00,33927711.210899994
08/07/2050 18:00,33927711.210899994
08/07/2050 19:00,33927711.210899994
08/07/2050 20:00,33927711.210899994
08/07/2050 21:00,33927711.210899994
08/07/2050 22:00,33927711.210899994
08/07/2050 23:00,33927711.210899994
09/07/2050 00:00,32546034.4599
09/07/2050 01:00,32546034.4599
09/07/2050 02:00,32546034.4599
09/07/2050 03:00,32546034.4599
09/07/2050 04:00,32546034.4599
09/07/2050 05:00,32546034.4599
09/07/2050 06:00,32546034.4599
09/07/2050 07:00,32546034.4599
09/07/2050 08:00,32546034.4599
09/07/2050 09:00,32546034.4599
09/07/2050 10:00,32546034.4599
09/07/2050 11:00,32546034.4599
09/07/2050 12:00,32546034.4599
09/07/2050 13:00,32546034.4599
09/07/2050 14:00,32546034.4599
09/07/2050 15:00,32546034.4599
09/07/2050 16:00,32546034.4599
09/07/2050 17:00,32546034.4599
09/07/2050 18:00,32546034.4599
09/07/2050 19:00,32546034.4599
09/07/2050 20:00,32546034.4599
09/07/2050 21:00,32546034.4599
09/07/2050 22:00,32546034.4599
09/07/2050 23:00,32546034.4599
10/07/2050 00:00,32822369.810099997
10/07/2050 01:00,32822369.810099997
10/07/2050 02:00,32822369.810099997
10/07/2050 03:00,32822369.810099997
10/07/2050 04:00,32822369.810099997
10/07/2050 05:00,32822369.810099997
10/07/2050 06:00,32822369.810099997
10/07/2050 07:00,32822369.810099997
10/07/2050 08:00,32822369.810099997
10/07/2050 09:00,32822369.810099997
10/07/2050 10:00,32822369.810099997
10/07/2050 11:00,32822369.810099997
10/07/2050 12:00,32822369.810099997
10/07/2050 13:00,32822369.810099997
10/07/2050 14:00,32822369.810099997
10/07/2050 15:00,32822369.810099997
10/07/2050 16:00,32822369.810099997
10/07/2050 17:00,32822369.810099997
10/07/2050 18:00,32822369.810099997
10/07/2050 19:00,32822369.810099997
10/07/2050 20:00,32822369.810099997
10/07/2050 21:00,32822369.810099997
10/07/2050 22:00,32822369.810099997
10/07/2050 23:00,32822369.810099997
11/07/2050 00:00,23706399.447899997
11/07/2050 01:00,23706399.447899997
11/07/2050 02:00,23706399.447899997
11/07/2050 03:00,23706399.447899997
11/07/2050 04:00,23706399.447899997
11/07/2050 05:00,23706399.447899997
11/07/2050 06:00,23706399.447899997
11/07/2050 07:00,23706399.447899997
11/07/2050 08:00,23706399.447899997
11/07/2050 09:00,23706399.447899997
11/07/2050 10:00,23706399.447899997
11/07/2050 11:00,23706399.447899997
11/07/2050 12:00,23706399.447899997
11/07/2050 13:00,23706399.447899997
11/07/2050 14:00,23706399.447899997
11/07/2050 15:00,23706399.447899997
11/07/2050 16:00,23706399.447899997
11/07/2050 17:00,23706399.447899997
11/07/2050 18:00,23706399.447899997
11/07/2050 19:00,23706399.447899997
11/07/2050 20:00,23706399.447899997
11/07/2050 21:00,23706399.447899997
11/07/2050 22:00,23706399.447899997
11/07/2050 23:00,23706399.447899997
12/07/2050 00:00,12336399.5625
12/07/2050 01:00,12336399.5625
12/07/2050 02:00,12336399.5625
12/07/2050 03:00,12336399.5625
12/07/2050 04:00,12336399.5625
12/07/2050 05:00,12336399.5625
12/07/2050 06:00,12336399.5625
12/07/2050 07:00,12336399.5625
12/07/2050 08:00,12336399.5625
12/07/2050 09:00,12336399.5625
12/07/2050 10:00,12336399.5625
12/07/2050 11:00,12336399.5625
12/07/2050 12:00,12336399.5625
12/07/2050 13:00,12336399.5625
12/07/2050 14:00,12336399.5625
12/07/2050 15:00,12336399.5625
12/07/2050 16:00,12336399.5625
12/07/2050 17:00,12336399.5625
12/07/2050 18:00,12336399.5625
12/07/2050 19:00,12336399.5625
12/07/2050 20:00,12336399.5625
12/07/2050 21:00,12336399.5625
12/07/2050 22:00,12336399.5625
12/07/2050 23:00,12336399.5625
13/07/2050 00:00,21973691.656799998
13/07/2050 01:00,21973691.656799998
13/07/2050 02:00,21973691.656799998
13/07/2050 03:00,21973691.656799998
13/07/2050 04:00,21973691.656799998
13/07/2050 05:00,21973691.656799998
13/07/2050 06:00,21973691.656799998
13/07/2050 07:00,21973691.656799998
13/07/2050 08:00,21973691.656799998
13/07/2050 09:00,21973691.656799998
13/07/2050 10:00,21973691.656799998
13/07/2050 11:00,21973691.656799998
13/07/2050 12:00,21973691.656799998
13/07/2050 13:00,21973691.656799998
13/07/2050 14:00,21973691.656799998
13/07/2050 15:00,21973691.656799998
13/07/2050 16:00,21973691.656799998
13/07/2050 17:00,21973691.656799998
13/07/2050 18:00,21973691.656799998
13/07/2050 19:00,21973691.656799998
13/07/2050 20:00,21973691.656799998
13/07/2050 21:00,21973691.656799998
13/07/2050 22:00,21973691.656799998
13/07/2050 23:00,21973691.656799998
14/07/2050 00:00,31600147.070699997
14/07/2050 01:00,31600147.070699997
14/07/2050 02:00,31600147.070699997
14/07/2050 03:00,31600147.070699997
14/07/2050 04:00,31600147.070699997
14/07/2050 05:00,31600147.070699997
14/07/2050 06:00,31600147.070699997
14/07/2050 07:00,31600147.070699997
14/07/2050 08:00,31600147.070699997
14/07/2050 09:00,31600147.070699997
14/07/2050 10:00,31600147.070699997
14/07/2050 11:00,31600147.070699997
14/07/2050 12:00,31600147.070699997
14/07/2050 13:00,31600147.070699997
14/07/2050 14:00,31600147.070699997
14/07/2050 15:00,31600147.070699997
14/07/2050 16:00,31600147.070699997
14/07/2050 17:00,31600147.070699997
14/07/2050 18:00,31600147.070699997
14/07/2050 19:00,31600147.070699997
14/07/2050 20:00,31600147.070699997
14/07/2050 21:00,31600147.070699997
14/07/2050 22:00,31600147.070699997
14/07/2050 23:00,31600147.070699997
15/07/2050 00:00,37096279.154999994
15/07/2050 01:00,37096279.154999994
15/07/2050 02:00,37096279.154999994
15/07/2050 03:00,37096279.154999994
15/07/2050 04:00,37096279.154999994
15/07/2050 05:00,37096279.154999994
15/07/2050 06:00,37096279.154999994
15/07/2050 07:00,37096279.154999994
15/07/2050 08:00,37096279.154999994
15/07/2050 09:00,37096279.154999994
15/07/2050 10:00,37096279.154999994
15/07/2050 11:00,37096279.154999994
15/07/2050 12:00,37096279.154999994
15/07/2050 13:00,37096279.154999994
15/07/2050 14:00,37096279.154999994
15/07/2050 15:00,37096279.154999994
15/07/2050 16:00,37096279.154999994
15/07/2050 17:00,37096279.154999994
15/07/2050 18:00,37096279.154999994
15/07/2050 19:00,37096279.154999994
15/07/2050 20:00,37096279.154999994
15/07/2050 21:00,37096279.154999994
15/07/2050 22:00,37096279.154999994
15/07/2050 23:00,37096279.154999994
16/07/2050 00:00,28861563.123899996
16/07/2050 01:00,28861563.123899996
16/07/2050 02:00,28861563.123899996
16/07/2050 03:00,28861563.123899996
16/07/2050 04:00,28861563.123899996
16/07/2050 05:00,28861563.123899996
16/07/2050 06:00,28861563.123899996
16/07/2050 07:00,28861563.123899996
16/07/2050 08:00,28861563.123899996
16/07/2050 09:00,28861563.123899996
16/07/2050 10:00,28861563.123899996
16/07/2050 11:00,28861563.123899996
16/07/2050 12:00,28861563.123899996
16/07/2050 13:00,28861563.123899996
16/07/2050 14:00,28861563.123899996
16/07/2050 15:00,28861563.123899996
16/07/2050 16:00,28861563.123899996
16/07/2050 17:00,28861563.123899996
16/07/2050 18:00,28861563.123899996
16/07/2050 19:00,28861563.123899996
16/07/2050 20:00,28861563.123899996
16/07/2050 21:00,28861563.123899996
16/07/2050 22:00,28861563.123899996
16/07/2050 23:00,28861563.123899996
17/07/2050 00:00,22002331.45499999
17/07/2050 01:00,22002331.45499999
17/07/2050 02:00,22002331.45499999
17/07/2050 03:00,22002331.45499999
17/07/2050 04:00,22002331.45499999
17/07/2050 05:00,22002331.45499999
17/07/2050 06:00,22002331.45499999
17/07/2050 07:00,22002331.45499999
17/07/2050 08:00,22002331.45499999
17/07/2050 09:00,22002331.45499999
17/07/2050 10:00,22002331.45499999
17/07/2050 11:00,22002331.45499999
17/07/2050 12:00,22002331.45499999
17/07/2050 13:00,22002331.45499999
17/07/2050 14:00,22002331.45499999
17/07/2050 15:00,22002331.45499999
17/07/2050 16:00,22002331.45499999
17/07/2050 17:00,22002331.45499999
17/07/2050 18:00,22002331.45499999
17/07/2050 19:00,22002331.45499999
17/07/2050 20:00,22002331.45499999
17/07/2050 21:00,22002331.45499999
17/07/2050 22:00,22002331.45499999
17/07/2050 23:00,22002331.45499999
18/07/2050 00:00,5147810.214299993
18/07/2050 01:00,5147810.214299993
18/07/2050 02:00,5147810.214299993
18/07/2050 03:00,5147810.214299993
18/07/2050 04:00,5147810.214299993
18/07/2050 05:00,5147810.214299993
18/07/2050 06:00,5147810.214299993
18/07/2050 07:00,5147810.214299993
18/07/2050 08:00,5147810.214299993
18/07/2050 09:00,5147810.214299993
18/07/2050 10:00,5147810.214299993
18/07/2050 11:00,5147810.214299993
18/07/2050 12:00,5147810.214299993
18/07/2050 13:00,5147810.214299993
18/07/2050 14:00,5147810.214299993
18/07/2050 15:00,5147810.214299993
18/07/2050 16:00,5147810.214299993
18/07/2050 17:00,5147810.214299993
18/07/2050 18:00,5147810.214299993
18/07/2050 19:00,5147810.214299993
18/07/2050 20:00,5147810.214299993
18/07/2050 21:00,5147810.214299993
18/07/2050 22:00,5147810.214299993
18/07/2050 23:00,5147810.214299993
19/07/2050 00:00,-3673247.631300009
19/07/2050 01:00,-3673247.631300009
19/07/2050 02:00,-3673247.631300009
19/07/2050 03:00,-3673247.631300009
19/07/2050 04:00,-3673247.631300009
19/07/2050 05:00,-3673247.631300009
19/07/2050 06:00,-3673247.631300009
19/07/2050 07:00,-3673247.631300009
19/07/2050 08:00,-3673247.631300009
19/07/2050 09:00,-3673247.631300009
19/07/2050 10:00,-3673247.631300009
19/07/2050 11:00,-3673247.631300009
19/07/2050 12:00,-3673247.631300009
19/07/2050 13:00,-3673247.631300009
19/07/2050 14:00,-3673247.631300009
19/07/2050 15:00,-3673247.631300009
19/07/2050 16:00,-3673247.631300009
19/07/2050 17:00,-3673247.631300009
19/07/2050 18:00,-3673247.631300009
19/07/2050 19:00,-3673247.631300009
19/07/2050 20:00,-3673247.631300009
19/07/2050 21:00,-3673247.631300009
19/07/2050 22:00,-3673247.631300009
19/07/2050 23:00,-3673247.631300009
20/07/2050 00:00,18637155.16649999
20/07/2050 01:00,18637155.16649999
20/07/2050 02:00,18637155.16649999
20/07/2050 03:00,18637155.16649999
20/07/2050 04:00,18637155.16649999
20/07/2050 05:00,18637155.16649999
20/07/2050 06:00,18637155.16649999
20/07/2050 07:00,18637155.16649999
20/07/2050 08:00,18637155.16649999
20/07/2050 09:00,18637155.16649999
20/07/2050 10:00,18637155.16649999
20/07/2050 11:00,18637155.16649999
20/07/2050 12:00,18637155.16649999
20/07/2050 13:00,18637155.16649999
20/07/2050 14:00,18637155.16649999
20/07/2050 15:00,18637155.16649999
20/07/2050 16:00,18637155.16649999
20/07/2050 17:00,18637155.16649999
20/07/2050 18:00,18637155.16649999
20/07/2050 19:00,18637155.16649999
20/07/2050 20:00,18637155.16649999
20/07/2050 21:00,18637155.16649999
20/07/2050 22:00,18637155.16649999
20/07/2050 23:00,18637155.16649999
21/07/2050 00:00,27558452.305799995
21/07/2050 01:00,27558452.305799995
21/07/2050 02:00,27558452.305799995
21/07/2050 03:00,27558452.305799995
21/07/2050 04:00,27558452.305799995
21/07/2050 05:00,27558452.305799995
21/07/2050 06:00,27558452.305799995
21/07/2050 07:00,27558452.305799995
21/07/2050 08:00,27558452.305799995
21/07/2050 09:00,27558452.305799995
21/07/2050 10:00,27558452.305799995
21/07/2050 11:00,27558452.305799995
21/07/2050 12:00,27558452.305799995
21/07/2050 13:00,27558452.305799995
21/07/2050 14:00,27558452.305799995
21/07/2050 15:00,27558452.305799995
21/07/2050 16:00,27558452.305799995
21/07/2050 17:00,27558452.305799995
21/07/2050 18:00,27558452.305799995
21/07/2050 19:00,27558452.305799995
21/07/2050 20:00,27558452.305799995
21/07/2050 21:00,27558452.305799995
21/07/2050 22:00,27558452.305799995
21/07/2050 23:00,27558452.305799995
22/07/2050 00:00,32899774.6701
22/07/2050 01:00,32899774.6701
22/07/2050 02:00,32899774.6701
22/07/2050 03:00,32899774.6701
22/07/2050 04:00,32899774.6701
22/07/2050 05:00,32899774.6701
22/07/2050 06:00,32899774.6701
22/07/2050 07:00,32899774.6701
22/07/2050 08:00,32899774.6701
22/07/2050 09:00,32899774.6701
22/07/2050 10:00,32899774.6701
22/07/2050 11:00,32899774.6701
22/07/2050 12:00,32899774.6701
22/07/2050 13:00,32899774.6701
22/07/2050 14:00,32899774.6701
22/07/2050 15:00,32899774.6701
22/07/2050 16:00,32899774.6701
22/07/2050 17:00,32899774.6701
22/07/2050 18:00,32899774.6701
22/07/2050 19:00,32899774.6701
22/07/2050 20:00,32899774.6701
22/07/2050 21:00,32899774.6701
22/07/2050 22:00,32899774.6701
22/07/2050 23:00,32899774.6701
23/07/2050 00:00,25427496.509999998
23/07/2050 01:00,25427496.509999998
23/07/2050 02:00,25427496.509999998
23/07/2050 03:00,25427496.509999998
23/07/2050 04:00,25427496.509999998
23/07/2050 05:00,25427496.509999998
23/07/2050 06:00,25427496.509999998
23/07/2050 07:00,25427496.509999998
23/07/2050 08:00,25427496.509999998
23/07/2050 09:00,25427496.509999998
23/07/2050 10:00,25427496.509999998
23/07/2050 11:00,25427496.509999998
23/07/2050 12:00,25427496.509999998
23/07/2050 13:00,25427496.509999998
23/07/2050 14:00,25427496.509999998
23/07/2050 15:00,25427496.509999998
23/07/2050 16:00,25427496.509999998
23/07/2050 17:00,25427496.509999998
23/07/2050 18:00,25427496.509999998
23/07/2050 19:00,25427496.509999998
23/07/2050 20:00,25427496.509999998
23/07/2050 21:00,25427496.509999998
23/07/2050 22:00,25427496.509999998
23/07/2050 23:00,25427496.509999998
24/07/2050 00:00,14828062.0059
24/07/2050 01:00,14828062.0059
24/07/2050 02:00,14828062.0059
24/07/2050 03:00,14828062.0059
24/07/2050 04:00,14828062.0059
24/07/2050 05:00,14828062.0059
24/07/2050 06:00,14828062.0059
24/07/2050 07:00,14828062.0059
24/07/2050 08:00,14828062.0059
24/07/2050 09:00,14828062.0059
24/07/2050 10:00,14828062.0059
24/07/2050 11:00,14828062.0059
24/07/2050 12:00,14828062.0059
24/07/2050 13:00,14828062.0059
24/07/2050 14:00,14828062.0059
24/07/2050 15:00,14828062.0059
24/07/2050 16:00,14828062.0059
24/07/2050 17:00,14828062.0059
24/07/2050 18:00,14828062.0059
24/07/2050 19:00,14828062.0059
24/07/2050 20:00,14828062.0059
24/07/2050 21:00,14828062.0059
24/07/2050 22:00,14828062.0059
24/07/2050 23:00,14828062.0059
25/07/2050 00:00,24207595.91639999
25/07/2050 01:00,24207595.91639999
25/07/2050 02:00,24207595.91639999
25/07/2050 03:00,24207595.91639999
25/07/2050 04:00,24207595.91639999
25/07/2050 05:00,24207595.91639999
25/07/2050 06:00,24207595.91639999
25/07/2050 07:00,24207595.91639999
25/07/2050 08:00,24207595.91639999
25/07/2050 09:00,24207595.91639999
25/07/2050 10:00,24207595.91639999
25/07/2050 11:00,24207595.91639999
25/07/2050 12:00,24207595.91639999
25/07/2050 13:00,24207595.91639999
25/07/2050 14:00,24207595.91639999
25/07/2050 15:00,24207595.91639999
25/07/2050 16:00,24207595.91639999
25/07/2050 17:00,24207595.91639999
25/07/2050 18:00,24207595.91639999
25/07/2050 19:00,24207595.91639999
25/07/2050 20:00,24207595.91639999
25/07/2050 21:00,24207595.91639999
25/07/2050 22:00,24207595.91639999
25/07/2050 23:00,24207595.91639999
26/07/2050 00:00,34059686.49719999
26/07/2050 01:00,34059686.49719999
26/07/2050 02:00,34059686.49719999
26/07/2050 03:00,34059686.49719999
26/07/2050 04:00,34059686.49719999
26/07/2050 05:00,34059686.49719999
26/07/2050 06:00,34059686.49719999
26/07/2050 07:00,34059686.49719999
26/07/2050 08:00,34059686.49719999
26/07/2050 09:00,34059686.49719999
26/07/2050 10:00,34059686.49719999
26/07/2050 11:00,34059686.49719999
26/07/2050 12:00,34059686.49719999
26/07/2050 13:00,34059686.49719999
26/07/2050 14:00,34059686.49719999
26/07/2050 15:00,34059686.49719999
26/07/2050 16:00,34059686.49719999
26/07/2050 17:00,34059686.49719999
26/07/2050 18:00,34059686.49719999
26/07/2050 19:00,34059686.49719999
26/07/2050 20:00,34059686.49719999
26/07/2050 21:00,34059686.49719999
26/07/2050 22:00,34059686.49719999
26/07/2050 23:00,34059686.49719999
27/07/2050 00:00,37698488.9658
27/07/2050 01:00,37698488.9658
27/07/2050 02:00,37698488.9658
27/07/2050 03:00,37698488.9658
27/07/2050 04:00,37698488.9658
27/07/2050 05:00,37698488.9658
27/07/2050 06:00,37698488.9658
27/07/2050 07:00,37698488.9658
27/07/2050 08:00,37698488.9658
27/07/2050 09:00,37698488.9658
27/07/2050 10:00,37698488.9658
27/07/2050 11:00,37698488.9658
27/07/2050 12:00,37698488.9658
27/07/2050 13:00,37698488.9658
27/07/2050 14:00,37698488.9658
27/07/2050 15:00,37698488.9658
27/07/2050 16:00,37698488.9658
27/07/2050 17:00,37698488.9658
27/07/2050 18:00,37698488.9658
27/07/2050 19:00,37698488.9658
27/07/2050 20:00,37698488.9658
27/07/2050 21:00,37698488.9658
27/07/2050 22:00,37698488.9658
27/07/2050 23:00,37698488.9658
28/07/2050 00:00,30966588.291599993
28/07/2050 01:00,30966588.291599993
28/07/2050 02:00,30966588.291599993
28/07/2050 03:00,30966588.291599993
28/07/2050 04:00,30966588.291599993
28/07/2050 05:00,30966588.291599993
28/07/2050 06:00,30966588.291599993
28/07/2050 07:00,30966588.291599993
28/07/2050 08:00,30966588.291599993
28/07/2050 09:00,30966588.291599993
28/07/2050 10:00,30966588.291599993
28/07/2050 11:00,30966588.291599993
28/07/2050 12:00,30966588.291599993
28/07/2050 13:00,30966588.291599993
28/07/2050 14:00,30966588.291599993
28/07/2050 15:00,30966588.291599993
28/07/2050 16:00,30966588.291599993
28/07/2050 17:00,30966588.291599993
28/07/2050 18:00,30966588.291599993
28/07/2050 19:00,30966588.291599993
28/07/2050 20:00,30966588.291599993
28/07/2050 21:00,30966588.291599993
28/07/2050 22:00,30966588.291599993
28/07/2050 23:00,30966588.291599993
29/07/2050 00:00,30508351.520400003
29/07/2050 01:00,30508351.520400003
29/07/2050 02:00,30508351.520400003
29/07/2050 03:00,30508351.520400003
29/07/2050 04:00,30508351.520400003
29/07/2050 05:00,30508351.520400003
29/07/2050 06:00,30508351.520400003
29/07/2050 07:00,30508351.520400003
29/07/2050 08:00,30508351.520400003
29/07/2050 09:00,30508351.520400003
29/07/2050 10:00,30508351.520400003
29/07/2050 11:00,30508351.520400003
29/07/2050 12:00,30508351.520400003
29/07/2050 13:00,30508351.520400003
29/07/2050 14:00,30508351.520400003
29/07/2050 15:00,30508351.520400003
29/07/2050 16:00,30508351.520400003
29/07/2050 17:00,30508351.520400003
29/07/2050 18:00,30508351.520400003
29/07/2050 19:00,30508351.520400003
29/07/2050 20:00,30508351.520400003
29/07/2050 21:00,30508351.520400003
29/07/2050 22:00,30508351.520400003
29/07/2050 23:00,30508351.520400003
30/07/2050 00:00,22875845.30009999
30/07/2050 01:00,22875845.30009999
30/07/2050 02:00,22875845.30009999
30/07/2050 03:00,22875845.30009999
30/07/2050 04:00,22875845.30009999
30/07/2050 05:00,22875845.30009999
30/07/2050 06:00,22875845.30009999
30/07/2050 07:00,22875845.30009999
30/07/2050 08:00,22875845.30009999
30/07/2050 09:00,22875845.30009999
30/07/2050 10:00,22875845.30009999
30/07/2050 11:00,22875845.30009999
30/07/2050 12:00,22875845.30009999
30/07/2050 13:00,22875845.30009999
30/07/2050 14:00,22875845.30009999
30/07/2050 15:00,22875845.30009999
30/07/2050 16:00,22875845.30009999
30/07/2050 17:00,22875845.30009999
30/07/2050 18:00,22875845.30009999
30/07/2050 19:00,22875845.30009999
30/07/2050 20:00,22875845.30009999
30/07/2050 21:00,22875845.30009999
30/07/2050 22:00,22875845.30009999
30/07/2050 23:00,22875845.30009999
31/07/2050 00:00,19338830.2224
31/07/2050 01:00,19338830.2224
31/07/2050 02:00,19338830.2224
31/07/2050 03:00,19338830.2224
31/07/2050 04:00,19338830.2224
31/07/2050 05:00,19338830.2224
31/07/2050 06:00,19338830.2224
31/07/2050 07:00,19338830.2224
31/07/2050 08:00,19338830.2224
31/07/2050 09:00,19338830.2224
31/07/2050 10:00,19338830.2224
31/07/2050 11:00,19338830.2224
31/07/2050 12:00,19338830.2224
31/07/2050 13:00,19338830.2224
31/07/2050 14:00,19338830.2224
31/07/2050 15:00,19338830.2224
31/07/2050 16:00,19338830.2224
31/07/2050 17:00,19338830.2224
31/07/2050 18:00,19338830.2224
31/07/2050 19:00,19338830.2224
31/07/2050 20:00,19338830.2224
31/07/2050 21:00,19338830.2224
31/07/2050 22:00,19338830.2224
31/07/2050 23:00,19338830.2224
01/08/2050 00:00,27902129.88419999
01/08/2050 01:00,27902129.88419999
01/08/2050 02:00,27902129.88419999
01/08/2050 03:00,27902129.88419999
01/08/2050 04:00,27902129.88419999
01/08/2050 05:00,27902129.88419999
01/08/2050 06:00,27902129.88419999
01/08/2050 07:00,27902129.88419999
01/08/2050 08:00,27902129.88419999
01/08/2050 09:00,27902129.88419999
01/08/2050 10:00,27902129.88419999
01/08/2050 11:00,27902129.88419999
01/08/2050 12:00,27902129.88419999
01/08/2050 13:00,27902129.88419999
01/08/2050 14:00,27902129.88419999
01/08/2050 15:00,27902129.88419999
01/08/2050 16:00,27902129.88419999
01/08/2050 17:00,27902129.88419999
01/08/2050 18:00,27902129.88419999
01/08/2050 19:00,27902129.88419999
01/08/2050 20:00,27902129.88419999
01/08/2050 21:00,27902129.88419999
01/08/2050 22:00,27902129.88419999
01/08/2050 23:00,27902129.88419999
02/08/2050 00:00,21959371.757699996
02/08/2050 01:00,21959371.757699996
02/08/2050 02:00,21959371.757699996
02/08/2050 03:00,21959371.757699996
02/08/2050 04:00,21959371.757699996
02/08/2050 05:00,21959371.757699996
02/08/2050 06:00,21959371.757699996
02/08/2050 07:00,21959371.757699996
02/08/2050 08:00,21959371.757699996
02/08/2050 09:00,21959371.757699996
02/08/2050 10:00,21959371.757699996
02/08/2050 11:00,21959371.757699996
02/08/2050 12:00,21959371.757699996
02/08/2050 13:00,21959371.757699996
02/08/2050 14:00,21959371.757699996
02/08/2050 15:00,21959371.757699996
02/08/2050 16:00,21959371.757699996
02/08/2050 17:00,21959371.757699996
02/08/2050 18:00,21959371.757699996
02/08/2050 19:00,21959371.757699996
02/08/2050 20:00,21959371.757699996
02/08/2050 21:00,21959371.757699996
02/08/2050 22:00,21959371.757699996
02/08/2050 23:00,21959371.757699996
03/08/2050 00:00,17835240.81689999
03/08/2050 01:00,17835240.81689999
03/08/2050 02:00,17835240.81689999
03/08/2050 03:00,17835240.81689999
03/08/2050 04:00,17835240.81689999
03/08/2050 05:00,17835240.81689999
03/08/2050 06:00,17835240.81689999
03/08/2050 07:00,17835240.81689999
03/08/2050 08:00,17835240.81689999
03/08/2050 09:00,17835240.81689999
03/08/2050 10:00,17835240.81689999
03/08/2050 11:00,17835240.81689999
03/08/2050 12:00,17835240.81689999
03/08/2050 13:00,17835240.81689999
03/08/2050 14:00,17835240.81689999
03/08/2050 15:00,17835240.81689999
03/08/2050 16:00,17835240.81689999
03/08/2050 17:00,17835240.81689999
03/08/2050 18:00,17835240.81689999
03/08/2050 19:00,17835240.81689999
03/08/2050 20:00,17835240.81689999
03/08/2050 21:00,17835240.81689999
03/08/2050 22:00,17835240.81689999
03/08/2050 23:00,17835240.81689999
04/08/2050 00:00,23634799.952399995
04/08/2050 01:00,23634799.952399995
04/08/2050 02:00,23634799.952399995
04/08/2050 03:00,23634799.952399995
04/08/2050 04:00,23634799.952399995
04/08/2050 05:00,23634799.952399995
04/08/2050 06:00,23634799.952399995
04/08/2050 07:00,23634799.952399995
04/08/2050 08:00,23634799.952399995
04/08/2050 09:00,23634799.952399995
04/08/2050 10:00,23634799.952399995
04/08/2050 11:00,23634799.952399995
04/08/2050 12:00,23634799.952399995
04/08/2050 13:00,23634799.952399995
04/08/2050 14:00,23634799.952399995
04/08/2050 15:00,23634799.952399995
04/08/2050 16:00,23634799.952399995
04/08/2050 17:00,23634799.952399995
04/08/2050 18:00,23634799.952399995
04/08/2050 19:00,23634799.952399995
04/08/2050 20:00,23634799.952399995
04/08/2050 21:00,23634799.952399995
04/08/2050 22:00,23634799.952399995
04/08/2050 23:00,23634799.952399995
05/08/2050 00:00,31553704.154699992
05/08/2050 01:00,31553704.154699992
05/08/2050 02:00,31553704.154699992
05/08/2050 03:00,31553704.154699992
05/08/2050 04:00,31553704.154699992
05/08/2050 05:00,31553704.154699992
05/08/2050 06:00,31553704.154699992
05/08/2050 07:00,31553704.154699992
05/08/2050 08:00,31553704.154699992
05/08/2050 09:00,31553704.154699992
05/08/2050 10:00,31553704.154699992
05/08/2050 11:00,31553704.154699992
05/08/2050 12:00,31553704.154699992
05/08/2050 13:00,31553704.154699992
05/08/2050 14:00,31553704.154699992
05/08/2050 15:00,31553704.154699992
05/08/2050 16:00,31553704.154699992
05/08/2050 17:00,31553704.154699992
05/08/2050 18:00,31553704.154699992
05/08/2050 19:00,31553704.154699992
05/08/2050 20:00,31553704.154699992
05/08/2050 21:00,31553704.154699992
05/08/2050 22:00,31553704.154699992
05/08/2050 23:00,31553704.154699992
06/08/2050 00:00,36766147.42710001
06/08/2050 01:00,36766147.42710001
06/08/2050 02:00,36766147.42710001
06/08/2050 03:00,36766147.42710001
06/08/2050 04:00,36766147.42710001
06/08/2050 05:00,36766147.42710001
06/08/2050 06:00,36766147.42710001
06/08/2050 07:00,36766147.42710001
06/08/2050 08:00,36766147.42710001
06/08/2050 09:00,36766147.42710001
06/08/2050 10:00,36766147.42710001
06/08/2050 11:00,36766147.42710001
06/08/2050 12:00,36766147.42710001
06/08/2050 13:00,36766147.42710001
06/08/2050 14:00,36766147.42710001
06/08/2050 15:00,36766147.42710001
06/08/2050 16:00,36766147.42710001
06/08/2050 17:00,36766147.42710001
06/08/2050 18:00,36766147.42710001
06/08/2050 19:00,36766147.42710001
06/08/2050 20:00,36766147.42710001
06/08/2050 21:00,36766147.42710001
06/08/2050 22:00,36766147.42710001
06/08/2050 23:00,36766147.42710001
07/08/2050 00:00,29584524.516299993
07/08/2050 01:00,29584524.516299993
07/08/2050 02:00,29584524.516299993
07/08/2050 03:00,29584524.516299993
07/08/2050 04:00,29584524.516299993
07/08/2050 05:00,29584524.516299993
07/08/2050 06:00,29584524.516299993
07/08/2050 07:00,29584524.516299993
07/08/2050 08:00,29584524.516299993
07/08/2050 09:00,29584524.516299993
07/08/2050 10:00,29584524.516299993
07/08/2050 11:00,29584524.516299993
07/08/2050 12:00,29584524.516299993
07/08/2050 13:00,29584524.516299993
07/08/2050 14:00,29584524.516299993
07/08/2050 15:00,29584524.516299993
07/08/2050 16:00,29584524.516299993
07/08/2050 17:00,29584524.516299993
07/08/2050 18:00,29584524.516299993
07/08/2050 19:00,29584524.516299993
07/08/2050 20:00,29584524.516299993
07/08/2050 21:00,29584524.516299993
07/08/2050 22:00,29584524.516299993
07/08/2050 23:00,29584524.516299993
08/08/2050 00:00,28219489.810200002
08/08/2050 01:00,28219489.810200002
08/08/2050 02:00,28219489.810200002
08/08/2050 03:00,28219489.810200002
08/08/2050 04:00,28219489.810200002
08/08/2050 05:00,28219489.810200002
08/08/2050 06:00,28219489.810200002
08/08/2050 07:00,28219489.810200002
08/08/2050 08:00,28219489.810200002
08/08/2050 09:00,28219489.810200002
08/08/2050 10:00,28219489.810200002
08/08/2050 11:00,28219489.810200002
08/08/2050 12:00,28219489.810200002
08/08/2050 13:00,28219489.810200002
08/08/2050 14:00,28219489.810200002
08/08/2050 15:00,28219489.810200002
08/08/2050 16:00,28219489.810200002
08/08/2050 17:00,28219489.810200002
08/08/2050 18:00,28219489.810200002
08/08/2050 19:00,28219489.810200002
08/08/2050 20:00,28219489.810200002
08/08/2050 21:00,28219489.810200002
08/08/2050 22:00,28219489.810200002
08/08/2050 23:00,28219489.810200002
09/08/2050 00:00,28102608.471599992
09/08/2050 01:00,28102608.471599992
09/08/2050 02:00,28102608.471599992
09/08/2050 03:00,28102608.471599992
09/08/2050 04:00,28102608.471599992
09/08/2050 05:00,28102608.471599992
09/08/2050 06:00,28102608.471599992
09/08/2050 07:00,28102608.471599992
09/08/2050 08:00,28102608.471599992
09/08/2050 09:00,28102608.471599992
09/08/2050 10:00,28102608.471599992
09/08/2050 11:00,28102608.471599992
09/08/2050 12:00,28102608.471599992
09/08/2050 13:00,28102608.471599992
09/08/2050 14:00,28102608.471599992
09/08/2050 15:00,28102608.471599992
09/08/2050 16:00,28102608.471599992
09/08/2050 17:00,28102608.471599992
09/08/2050 18:00,28102608.471599992
09/08/2050 19:00,28102608.471599992
09/08/2050 20:00,28102608.471599992
09/08/2050 21:00,28102608.471599992
09/08/2050 22:00,28102608.471599992
09/08/2050 23:00,28102608.471599992
10/08/2050 00:00,22632407.0154
10/08/2050 01:00,22632407.0154
10/08/2050 02:00,22632407.0154
10/08/2050 03:00,22632407.0154
10/08/2050 04:00,22632407.0154
10/08/2050 05:00,22632407.0154
10/08/2050 06:00,22632407.0154
10/08/2050 07:00,22632407.0154
10/08/2050 08:00,22632407.0154
10/08/2050 09:00,22632407.0154
10/08/2050 10:00,22632407.0154
10/08/2050 11:00,22632407.0154
10/08/2050 12:00,22632407.0154
10/08/2050 13:00,22632407.0154
10/08/2050 14:00,22632407.0154
10/08/2050 15:00,22632407.0154
10/08/2050 16:00,22632407.0154
10/08/2050 17:00,22632407.0154
10/08/2050 18:00,22632407.0154
10/08/2050 19:00,22632407.0154
10/08/2050 20:00,22632407.0154
10/08/2050 21:00,22632407.0154
10/08/2050 22:00,22632407.0154
10/08/2050 23:00,22632407.0154
11/08/2050 00:00,17820920.917799998
11/08/2050 01:00,17820920.917799998
11/08/2050 02:00,17820920.917799998
11/08/2050 03:00,17820920.917799998
11/08/2050 04:00,17820920.917799998
11/08/2050 05:00,17820920.917799998
11/08/2050 06:00,17820920.917799998
11/08/2050 07:00,17820920.917799998
11/08/2050 08:00,17820920.917799998
11/08/2050 09:00,17820920.917799998
11/08/2050 10:00,17820920.917799998
11/08/2050 11:00,17820920.917799998
11/08/2050 12:00,17820920.917799998
11/08/2050 13:00,17820920.917799998
11/08/2050 14:00,17820920.917799998
11/08/2050 15:00,17820920.917799998
11/08/2050 16:00,17820920.917799998
11/08/2050 17:00,17820920.917799998
11/08/2050 18:00,17820920.917799998
11/08/2050 19:00,17820920.917799998
11/08/2050 20:00,17820920.917799998
11/08/2050 21:00,17820920.917799998
11/08/2050 22:00,17820920.917799998
11/08/2050 23:00,17820920.917799998
12/08/2050 00:00,16116852.924899993
12/08/2050 01:00,16116852.924899993
12/08/2050 02:00,16116852.924899993
12/08/2050 03:00,16116852.924899993
12/08/2050 04:00,16116852.924899993
12/08/2050 05:00,16116852.924899993
12/08/2050 06:00,16116852.924899993
12/08/2050 07:00,16116852.924899993
12/08/2050 08:00,16116852.924899993
12/08/2050 09:00,16116852.924899993
12/08/2050 10:00,16116852.924899993
12/08/2050 11:00,16116852.924899993
12/08/2050 12:00,16116852.924899993
12/08/2050 13:00,16116852.924899993
12/08/2050 14:00,16116852.924899993
12/08/2050 15:00,16116852.924899993
12/08/2050 16:00,16116852.924899993
12/08/2050 17:00,16116852.924899993
12/08/2050 18:00,16116852.924899993
12/08/2050 19:00,16116852.924899993
12/08/2050 20:00,16116852.924899993
12/08/2050 21:00,16116852.924899993
12/08/2050 22:00,16116852.924899993
12/08/2050 23:00,16116852.924899993
13/08/2050 00:00,9429460.045199994
13/08/2050 01:00,9429460.045199994
13/08/2050 02:00,9429460.045199994
13/08/2050 03:00,9429460.045199994
13/08/2050 04:00,9429460.045199994
13/08/2050 05:00,9429460.045199994
13/08/2050 06:00,9429460.045199994
13/08/2050 07:00,9429460.045199994
13/08/2050 08:00,9429460.045199994
13/08/2050 09:00,9429460.045199994
13/08/2050 10:00,9429460.045199994
13/08/2050 11:00,9429460.045199994
13/08/2050 12:00,9429460.045199994
13/08/2050 13:00,9429460.045199994
13/08/2050 14:00,9429460.045199994
13/08/2050 15:00,9429460.045199994
13/08/2050 16:00,9429460.045199994
13/08/2050 17:00,9429460.045199994
13/08/2050 18:00,9429460.045199994
13/08/2050 19:00,9429460.045199994
13/08/2050 20:00,9429460.045199994
13/08/2050 21:00,9429460.045199994
13/08/2050 22:00,9429460.045199994
13/08/2050 23:00,9429460.045199994
14/08/2050 00:00,13768389.472499989
14/08/2050 01:00,13768389.472499989
14/08/2050 02:00,13768389.472499989
14/08/2050 03:00,13768389.472499989
14/08/2050 04:00,13768389.472499989
14/08/2050 05:00,13768389.472499989
14/08/2050 06:00,13768389.472499989
14/08/2050 07:00,13768389.472499989
14/08/2050 08:00,13768389.472499989
14/08/2050 09:00,13768389.472499989
14/08/2050 10:00,13768389.472499989
14/08/2050 11:00,13768389.472499989
14/08/2050 12:00,13768389.472499989
14/08/2050 13:00,13768389.472499989
14/08/2050 14:00,13768389.472499989
14/08/2050 15:00,13768389.472499989
14/08/2050 16:00,13768389.472499989
14/08/2050 17:00,13768389.472499989
14/08/2050 18:00,13768389.472499989
14/08/2050 19:00,13768389.472499989
14/08/2050 20:00,13768389.472499989
14/08/2050 21:00,13768389.472499989
14/08/2050 22:00,13768389.472499989
14/08/2050 23:00,13768389.472499989
15/08/2050 00:00,17362684.146599993
15/08/2050 01:00,17362684.146599993
15/08/2050 02:00,17362684.146599993
15/08/2050 03:00,17362684.146599993
15/08/2050 04:00,17362684.146599993
15/08/2050 05:00,17362684.146599993
15/08/2050 06:00,17362684.146599993
15/08/2050 07:00,17362684.146599993
15/08/2050 08:00,17362684.146599993
15/08/2050 09:00,17362684.146599993
15/08/2050 10:00,17362684.146599993
15/08/2050 11:00,17362684.146599993
15/08/2050 12:00,17362684.146599993
15/08/2050 13:00,17362684.146599993
15/08/2050 14:00,17362684.146599993
15/08/2050 15:00,17362684.146599993
15/08/2050 16:00,17362684.146599993
15/08/2050 17:00,17362684.146599993
15/08/2050 18:00,17362684.146599993
15/08/2050 19:00,17362684.146599993
15/08/2050 20:00,17362684.146599993
15/08/2050 21:00,17362684.146599993
15/08/2050 22:00,17362684.146599993
15/08/2050 23:00,17362684.146599993
16/08/2050 00:00,24422394.40289999
16/08/2050 01:00,24422394.40289999
16/08/2050 02:00,24422394.40289999
16/08/2050 03:00,24422394.40289999
16/08/2050 04:00,24422394.40289999
16/08/2050 05:00,24422394.40289999
16/08/2050 06:00,24422394.40289999
16/08/2050 07:00,24422394.40289999
16/08/2050 08:00,24422394.40289999
16/08/2050 09:00,24422394.40289999
16/08/2050 10:00,24422394.40289999
16/08/2050 11:00,24422394.40289999
16/08/2050 12:00,24422394.40289999
16/08/2050 13:00,24422394.40289999
16/08/2050 14:00,24422394.40289999
16/08/2050 15:00,24422394.40289999
16/08/2050 16:00,24422394.40289999
16/08/2050 17:00,24422394.40289999
16/08/2050 18:00,24422394.40289999
16/08/2050 19:00,24422394.40289999
16/08/2050 20:00,24422394.40289999
16/08/2050 21:00,24422394.40289999
16/08/2050 22:00,24422394.40289999
16/08/2050 23:00,24422394.40289999
17/08/2050 00:00,26140782.294899993
17/08/2050 01:00,26140782.294899993
17/08/2050 02:00,26140782.294899993
17/08/2050 03:00,26140782.294899993
17/08/2050 04:00,26140782.294899993
17/08/2050 05:00,26140782.294899993
17/08/2050 06:00,26140782.294899993
17/08/2050 07:00,26140782.294899993
17/08/2050 08:00,26140782.294899993
17/08/2050 09:00,26140782.294899993
17/08/2050 10:00,26140782.294899993
17/08/2050 11:00,26140782.294899993
17/08/2050 12:00,26140782.294899993
17/08/2050 13:00,26140782.294899993
17/08/2050 14:00,26140782.294899993
17/08/2050 15:00,26140782.294899993
17/08/2050 16:00,26140782.294899993
17/08/2050 17:00,26140782.294899993
17/08/2050 18:00,26140782.294899993
17/08/2050 19:00,26140782.294899993
17/08/2050 20:00,26140782.294899993
17/08/2050 21:00,26140782.294899993
17/08/2050 22:00,26140782.294899993
17/08/2050 23:00,26140782.294899993
18/08/2050 00:00,24221915.815499995
18/08/2050 01:00,24221915.815499995
18/08/2050 02:00,24221915.815499995
18/08/2050 03:00,24221915.815499995
18/08/2050 04:00,24221915.815499995
18/08/2050 05:00,24221915.815499995
18/08/2050 06:00,24221915.815499995
18/08/2050 07:00,24221915.815499995
18/08/2050 08:00,24221915.815499995
18/08/2050 09:00,24221915.815499995
18/08/2050 10:00,24221915.815499995
18/08/2050 11:00,24221915.815499995
18/08/2050 12:00,24221915.815499995
18/08/2050 13:00,24221915.815499995
18/08/2050 14:00,24221915.815499995
18/08/2050 15:00,24221915.815499995
18/08/2050 16:00,24221915.815499995
18/08/2050 17:00,24221915.815499995
18/08/2050 18:00,24221915.815499995
18/08/2050 19:00,24221915.815499995
18/08/2050 20:00,24221915.815499995
18/08/2050 21:00,24221915.815499995
18/08/2050 22:00,24221915.815499995
18/08/2050 23:00,24221915.815499995
19/08/2050 00:00,24866311.275
19/08/2050 01:00,24866311.275
19/08/2050 02:00,24866311.275
19/08/2050 03:00,24866311.275
19/08/2050 04:00,24866311.275
19/08/2050 05:00,24866311.275
19/08/2050 06:00,24866311.275
19/08/2050 07:00,24866311.275
19/08/2050 08:00,24866311.275
19/08/2050 09:00,24866311.275
19/08/2050 10:00,24866311.275
19/08/2050 11:00,24866311.275
19/08/2050 12:00,24866311.275
19/08/2050 13:00,24866311.275
19/08/2050 14:00,24866311.275
19/08/2050 15:00,24866311.275
19/08/2050 16:00,24866311.275
19/08/2050 17:00,24866311.275
19/08/2050 18:00,24866311.275
19/08/2050 19:00,24866311.275
19/08/2050 20:00,24866311.275
19/08/2050 21:00,24866311.275
19/08/2050 22:00,24866311.275
19/08/2050 23:00,24866311.275
20/08/2050 00:00,33806185.580699995
20/08/2050 01:00,33806185.580699995
20/08/2050 02:00,33806185.580699995
20/08/2050 03:00,33806185.580699995
20/08/2050 04:00,33806185.580699995
20/08/2050 05:00,33806185.580699995
20/08/2050 06:00,33806185.580699995
20/08/2050 07:00,33806185.580699995
20/08/2050 08:00,33806185.580699995
20/08/2050 09:00,33806185.580699995
20/08/2050 10:00,33806185.580699995
20/08/2050 11:00,33806185.580699995
20/08/2050 12:00,33806185.580699995
20/08/2050 13:00,33806185.580699995
20/08/2050 14:00,33806185.580699995
20/08/2050 15:00,33806185.580699995
20/08/2050 16:00,33806185.580699995
20/08/2050 17:00,33806185.580699995
20/08/2050 18:00,33806185.580699995
20/08/2050 19:00,33806185.580699995
20/08/2050 20:00,33806185.580699995
20/08/2050 21:00,33806185.580699995
20/08/2050 22:00,33806185.580699995
20/08/2050 23:00,33806185.580699995
21/08/2050 00:00,33676919.4645
21/08/2050 01:00,33676919.4645
21/08/2050 02:00,33676919.4645
21/08/2050 03:00,33676919.4645
21/08/2050 04:00,33676919.4645
21/08/2050 05:00,33676919.4645
21/08/2050 06:00,33676919.4645
21/08/2050 07:00,33676919.4645
21/08/2050 08:00,33676919.4645
21/08/2050 09:00,33676919.4645
21/08/2050 10:00,33676919.4645
21/08/2050 11:00,33676919.4645
21/08/2050 12:00,33676919.4645
21/08/2050 13:00,33676919.4645
21/08/2050 14:00,33676919.4645
21/08/2050 15:00,33676919.4645
21/08/2050 16:00,33676919.4645
21/08/2050 17:00,33676919.4645
21/08/2050 18:00,33676919.4645
21/08/2050 19:00,33676919.4645
21/08/2050 20:00,33676919.4645
21/08/2050 21:00,33676919.4645
21/08/2050 22:00,33676919.4645
21/08/2050 23:00,33676919.4645
22/08/2050 00:00,28197429.425099995
22/08/2050 01:00,28197429.425099995
22/08/2050 02:00,28197429.425099995
22/08/2050 03:00,28197429.425099995
22/08/2050 04:00,28197429.425099995
22/08/2050 05:00,28197429.425099995
22/08/2050 06:00,28197429.425099995
22/08/2050 07:00,28197429.425099995
22/08/2050 08:00,28197429.425099995
22/08/2050 09:00,28197429.425099995
22/08/2050 10:00,28197429.425099995
22/08/2050 11:00,28197429.425099995
22/08/2050 12:00,28197429.425099995
22/08/2050 13:00,28197429.425099995
22/08/2050 14:00,28197429.425099995
22/08/2050 15:00,28197429.425099995
22/08/2050 16:00,28197429.425099995
22/08/2050 17:00,28197429.425099995
22/08/2050 18:00,28197429.425099995
22/08/2050 19:00,28197429.425099995
22/08/2050 20:00,28197429.425099995
22/08/2050 21:00,28197429.425099995
22/08/2050 22:00,28197429.425099995
22/08/2050 23:00,28197429.425099995
23/08/2050 00:00,21601374.2802
23/08/2050 01:00,21601374.2802
23/08/2050 02:00,21601374.2802
23/08/2050 03:00,21601374.2802
23/08/2050 04:00,21601374.2802
23/08/2050 05:00,21601374.2802
23/08/2050 06:00,21601374.2802
23/08/2050 07:00,21601374.2802
23/08/2050 08:00,21601374.2802
23/08/2050 09:00,21601374.2802
23/08/2050 10:00,21601374.2802
23/08/2050 11:00,21601374.2802
23/08/2050 12:00,21601374.2802
23/08/2050 13:00,21601374.2802
23/08/2050 14:00,21601374.2802
23/08/2050 15:00,21601374.2802
23/08/2050 16:00,21601374.2802
23/08/2050 17:00,21601374.2802
23/08/2050 18:00,21601374.2802
23/08/2050 19:00,21601374.2802
23/08/2050 20:00,21601374.2802
23/08/2050 21:00,21601374.2802
23/08/2050 22:00,21601374.2802
23/08/2050 23:00,21601374.2802
24/08/2050 00:00,18651475.065599993
24/08/2050 01:00,18651475.065599993
24/08/2050 02:00,18651475.065599993
24/08/2050 03:00,18651475.065599993
24/08/2050 04:00,18651475.065599993
24/08/2050 05:00,18651475.065599993
24/08/2050 06:00,18651475.065599993
24/08/2050 07:00,18651475.065599993
24/08/2050 08:00,18651475.065599993
24/08/2050 09:00,18651475.065599993
24/08/2050 10:00,18651475.065599993
24/08/2050 11:00,18651475.065599993
24/08/2050 12:00,18651475.065599993
24/08/2050 13:00,18651475.065599993
24/08/2050 14:00,18651475.065599993
24/08/2050 15:00,18651475.065599993
24/08/2050 16:00,18651475.065599993
24/08/2050 17:00,18651475.065599993
24/08/2050 18:00,18651475.065599993
24/08/2050 19:00,18651475.065599993
24/08/2050 20:00,18651475.065599993
24/08/2050 21:00,18651475.065599993
24/08/2050 22:00,18651475.065599993
24/08/2050 23:00,18651475.065599993
25/08/2050 00:00,22560807.519899987
25/08/2050 01:00,22560807.519899987
25/08/2050 02:00,22560807.519899987
25/08/2050 03:00,22560807.519899987
25/08/2050 04:00,22560807.519899987
25/08/2050 05:00,22560807.519899987
25/08/2050 06:00,22560807.519899987
25/08/2050 07:00,22560807.519899987
25/08/2050 08:00,22560807.519899987
25/08/2050 09:00,22560807.519899987
25/08/2050 10:00,22560807.519899987
25/08/2050 11:00,22560807.519899987
25/08/2050 12:00,22560807.519899987
25/08/2050 13:00,22560807.519899987
25/08/2050 14:00,22560807.519899987
25/08/2050 15:00,22560807.519899987
25/08/2050 16:00,22560807.519899987
25/08/2050 17:00,22560807.519899987
25/08/2050 18:00,22560807.519899987
25/08/2050 19:00,22560807.519899987
25/08/2050 20:00,22560807.519899987
25/08/2050 21:00,22560807.519899987
25/08/2050 22:00,22560807.519899987
25/08/2050 23:00,22560807.519899987
26/08/2050 00:00,28789963.628399998
26/08/2050 01:00,28789963.628399998
26/08/2050 02:00,28789963.628399998
26/08/2050 03:00,28789963.628399998
26/08/2050 04:00,28789963.628399998
26/08/2050 05:00,28789963.628399998
26/08/2050 06:00,28789963.628399998
26/08/2050 07:00,28789963.628399998
26/08/2050 08:00,28789963.628399998
26/08/2050 09:00,28789963.628399998
26/08/2050 10:00,28789963.628399998
26/08/2050 11:00,28789963.628399998
26/08/2050 12:00,28789963.628399998
26/08/2050 13:00,28789963.628399998
26/08/2050 14:00,28789963.628399998
26/08/2050 15:00,28789963.628399998
26/08/2050 16:00,28789963.628399998
26/08/2050 17:00,28789963.628399998
26/08/2050 18:00,28789963.628399998
26/08/2050 19:00,28789963.628399998
26/08/2050 20:00,28789963.628399998
26/08/2050 21:00,28789963.628399998
26/08/2050 22:00,28789963.628399998
26/08/2050 23:00,28789963.628399998
27/08/2050 00:00,31310265.869999997
27/08/2050 01:00,31310265.869999997
27/08/2050 02:00,31310265.869999997
27/08/2050 03:00,31310265.869999997
27/08/2050 04:00,31310265.869999997
27/08/2050 05:00,31310265.869999997
27/08/2050 06:00,31310265.869999997
27/08/2050 07:00,31310265.869999997
27/08/2050 08:00,31310265.869999997
27/08/2050 09:00,31310265.869999997
27/08/2050 10:00,31310265.869999997
27/08/2050 11:00,31310265.869999997
27/08/2050 12:00,31310265.869999997
27/08/2050 13:00,31310265.869999997
27/08/2050 14:00,31310265.869999997
27/08/2050 15:00,31310265.869999997
27/08/2050 16:00,31310265.869999997
27/08/2050 17:00,31310265.869999997
27/08/2050 18:00,31310265.869999997
27/08/2050 19:00,31310265.869999997
27/08/2050 20:00,31310265.869999997
27/08/2050 21:00,31310265.869999997
27/08/2050 22:00,31310265.869999997
27/08/2050 23:00,31310265.869999997
28/08/2050 00:00,29119321.307699997
28/08/2050 01:00,29119321.307699997
28/08/2050 02:00,29119321.307699997
28/08/2050 03:00,29119321.307699997
28/08/2050 04:00,29119321.307699997
28/08/2050 05:00,29119321.307699997
28/08/2050 06:00,29119321.307699997
28/08/2050 07:00,29119321.307699997
28/08/2050 08:00,29119321.307699997
28/08/2050 09:00,29119321.307699997
28/08/2050 10:00,29119321.307699997
28/08/2050 11:00,29119321.307699997
28/08/2050 12:00,29119321.307699997
28/08/2050 13:00,29119321.307699997
28/08/2050 14:00,29119321.307699997
28/08/2050 15:00,29119321.307699997
28/08/2050 16:00,29119321.307699997
28/08/2050 17:00,29119321.307699997
28/08/2050 18:00,29119321.307699997
28/08/2050 19:00,29119321.307699997
28/08/2050 20:00,29119321.307699997
28/08/2050 21:00,29119321.307699997
28/08/2050 22:00,29119321.307699997
28/08/2050 23:00,29119321.307699997
29/08/2050 00:00,29921235.657299995
29/08/2050 01:00,29921235.657299995
29/08/2050 02:00,29921235.657299995
29/08/2050 03:00,29921235.657299995
29/08/2050 04:00,29921235.657299995
29/08/2050 05:00,29921235.657299995
29/08/2050 06:00,29921235.657299995
29/08/2050 07:00,29921235.657299995
29/08/2050 08:00,29921235.657299995
29/08/2050 09:00,29921235.657299995
29/08/2050 10:00,29921235.657299995
29/08/2050 11:00,29921235.657299995
29/08/2050 12:00,29921235.657299995
29/08/2050 13:00,29921235.657299995
29/08/2050 14:00,29921235.657299995
29/08/2050 15:00,29921235.657299995
29/08/2050 16:00,29921235.657299995
29/08/2050 17:00,29921235.657299995
29/08/2050 18:00,29921235.657299995
29/08/2050 19:00,29921235.657299995
29/08/2050 20:00,29921235.657299995
29/08/2050 21:00,29921235.657299995
29/08/2050 22:00,29921235.657299995
29/08/2050 23:00,29921235.657299995
30/08/2050 00:00,27673011.498599995
30/08/2050 01:00,27673011.498599995
30/08/2050 02:00,27673011.498599995
30/08/2050 03:00,27673011.498599995
30/08/2050 04:00,27673011.498599995
30/08/2050 05:00,27673011.498599995
30/08/2050 06:00,27673011.498599995
30/08/2050 07:00,27673011.498599995
30/08/2050 08:00,27673011.498599995
30/08/2050 09:00,27673011.498599995
30/08/2050 10:00,27673011.498599995
30/08/2050 11:00,27673011.498599995
30/08/2050 12:00,27673011.498599995
30/08/2050 13:00,27673011.498599995
30/08/2050 14:00,27673011.498599995
30/08/2050 15:00,27673011.498599995
30/08/2050 16:00,27673011.498599995
30/08/2050 17:00,27673011.498599995
30/08/2050 18:00,27673011.498599995
30/08/2050 19:00,27673011.498599995
30/08/2050 20:00,27673011.498599995
30/08/2050 21:00,27673011.498599995
30/08/2050 22:00,27673011.498599995
30/08/2050 23:00,27673011.498599995
31/08/2050 00:00,26341260.882299993
31/08/2050 01:00,26341260.882299993
31/08/2050 02:00,26341260.882299993
31/08/2050 03:00,26341260.882299993
31/08/2050 04:00,26341260.882299993
31/08/2050 05:00,26341260.882299993
31/08/2050 06:00,26341260.882299993
31/08/2050 07:00,26341260.882299993
31/08/2050 08:00,26341260.882299993
31/08/2050 09:00,26341260.882299993
31/08/2050 10:00,26341260.882299993
31/08/2050 11:00,26341260.882299993
31/08/2050 12:00,26341260.882299993
31/08/2050 13:00,26341260.882299993
31/08/2050 14:00,26341260.882299993
31/08/2050 15:00,26341260.882299993
31/08/2050 16:00,26341260.882299993
31/08/2050 17:00,26341260.882299993
31/08/2050 18:00,26341260.882299993
31/08/2050 19:00,26341260.882299993
31/08/2050 20:00,26341260.882299993
31/08/2050 21:00,26341260.882299993
31/08/2050 22:00,26341260.882299993
31/08/2050 23:00,26341260.882299993
01/09/2050 00:00,22646726.914499998
01/09/2050 01:00,22646726.914499998
01/09/2050 02:00,22646726.914499998
01/09/2050 03:00,22646726.914499998
01/09/2050 04:00,22646726.914499998
01/09/2050 05:00,22646726.914499998
01/09/2050 06:00,22646726.914499998
01/09/2050 07:00,22646726.914499998
01/09/2050 08:00,22646726.914499998
01/09/2050 09:00,22646726.914499998
01/09/2050 10:00,22646726.914499998
01/09/2050 11:00,22646726.914499998
01/09/2050 12:00,22646726.914499998
01/09/2050 13:00,22646726.914499998
01/09/2050 14:00,22646726.914499998
01/09/2050 15:00,22646726.914499998
01/09/2050 16:00,22646726.914499998
01/09/2050 17:00,22646726.914499998
01/09/2050 18:00,22646726.914499998
01/09/2050 19:00,22646726.914499998
01/09/2050 20:00,22646726.914499998
01/09/2050 21:00,22646726.914499998
01/09/2050 22:00,22646726.914499998
01/09/2050 23:00,22646726.914499998
02/09/2050 00:00,23319762.172199998
02/09/2050 01:00,23319762.172199998
02/09/2050 02:00,23319762.172199998
02/09/2050 03:00,23319762.172199998
02/09/2050 04:00,23319762.172199998
02/09/2050 05:00,23319762.172199998
02/09/2050 06:00,23319762.172199998
02/09/2050 07:00,23319762.172199998
02/09/2050 08:00,23319762.172199998
02/09/2050 09:00,23319762.172199998
02/09/2050 10:00,23319762.172199998
02/09/2050 11:00,23319762.172199998
02/09/2050 12:00,23319762.172199998
02/09/2050 13:00,23319762.172199998
02/09/2050 14:00,23319762.172199998
02/09/2050 15:00,23319762.172199998
02/09/2050 16:00,23319762.172199998
02/09/2050 17:00,23319762.172199998
02/09/2050 18:00,23319762.172199998
02/09/2050 19:00,23319762.172199998
02/09/2050 20:00,23319762.172199998
02/09/2050 21:00,23319762.172199998
02/09/2050 22:00,23319762.172199998
02/09/2050 23:00,23319762.172199998
03/09/2050 00:00,25911663.9093
03/09/2050 01:00,25911663.9093
03/09/2050 02:00,25911663.9093
03/09/2050 03:00,25911663.9093
03/09/2050 04:00,25911663.9093
03/09/2050 05:00,25911663.9093
03/09/2050 06:00,25911663.9093
03/09/2050 07:00,25911663.9093
03/09/2050 08:00,25911663.9093
03/09/2050 09:00,25911663.9093
03/09/2050 10:00,25911663.9093
03/09/2050 11:00,25911663.9093
03/09/2050 12:00,25911663.9093
03/09/2050 13:00,25911663.9093
03/09/2050 14:00,25911663.9093
03/09/2050 15:00,25911663.9093
03/09/2050 16:00,25911663.9093
03/09/2050 17:00,25911663.9093
03/09/2050 18:00,25911663.9093
03/09/2050 19:00,25911663.9093
03/09/2050 20:00,25911663.9093
03/09/2050 21:00,25911663.9093
03/09/2050 22:00,25911663.9093
03/09/2050 23:00,25911663.9093
04/09/2050 00:00,24837671.476799995
04/09/2050 01:00,24837671.476799995
04/09/2050 02:00,24837671.476799995
04/09/2050 03:00,24837671.476799995
04/09/2050 04:00,24837671.476799995
04/09/2050 05:00,24837671.476799995
04/09/2050 06:00,24837671.476799995
04/09/2050 07:00,24837671.476799995
04/09/2050 08:00,24837671.476799995
04/09/2050 09:00,24837671.476799995
04/09/2050 10:00,24837671.476799995
04/09/2050 11:00,24837671.476799995
04/09/2050 12:00,24837671.476799995
04/09/2050 13:00,24837671.476799995
04/09/2050 14:00,24837671.476799995
04/09/2050 15:00,24837671.476799995
04/09/2050 16:00,24837671.476799995
04/09/2050 17:00,24837671.476799995
04/09/2050 18:00,24837671.476799995
04/09/2050 19:00,24837671.476799995
04/09/2050 20:00,24837671.476799995
04/09/2050 21:00,24837671.476799995
04/09/2050 22:00,24837671.476799995
04/09/2050 23:00,24837671.476799995
05/09/2050 00:00,21988011.555899993
05/09/2050 01:00,21988011.555899993
05/09/2050 02:00,21988011.555899993
05/09/2050 03:00,21988011.555899993
05/09/2050 04:00,21988011.555899993
05/09/2050 05:00,21988011.555899993
05/09/2050 06:00,21988011.555899993
05/09/2050 07:00,21988011.555899993
05/09/2050 08:00,21988011.555899993
05/09/2050 09:00,21988011.555899993
05/09/2050 10:00,21988011.555899993
05/09/2050 11:00,21988011.555899993
05/09/2050 12:00,21988011.555899993
05/09/2050 13:00,21988011.555899993
05/09/2050 14:00,21988011.555899993
05/09/2050 15:00,21988011.555899993
05/09/2050 16:00,21988011.555899993
05/09/2050 17:00,21988011.555899993
05/09/2050 18:00,21988011.555899993
05/09/2050 19:00,21988011.555899993
05/09/2050 20:00,21988011.555899993
05/09/2050 21:00,21988011.555899993
05/09/2050 22:00,21988011.555899993
05/09/2050 23:00,21988011.555899993
06/09/2050 00:00,27816210.4896
06/09/2050 01:00,27816210.4896
06/09/2050 02:00,27816210.4896
06/09/2050 03:00,27816210.4896
06/09/2050 04:00,27816210.4896
06/09/2050 05:00,27816210.4896
06/09/2050 06:00,27816210.4896
06/09/2050 07:00,27816210.4896
06/09/2050 08:00,27816210.4896
06/09/2050 09:00,27816210.4896
06/09/2050 10:00,27816210.4896
06/09/2050 11:00,27816210.4896
06/09/2050 12:00,27816210.4896
06/09/2050 13:00,27816210.4896
06/09/2050 14:00,27816210.4896
06/09/2050 15:00,27816210.4896
06/09/2050 16:00,27816210.4896
06/09/2050 17:00,27816210.4896
06/09/2050 18:00,27816210.4896
06/09/2050 19:00,27816210.4896
06/09/2050 20:00,27816210.4896
06/09/2050 21:00,27816210.4896
06/09/2050 22:00,27816210.4896
06/09/2050 23:00,27816210.4896
07/09/2050 00:00,31252986.273599997
07/09/2050 01:00,31252986.273599997
07/09/2050 02:00,31252986.273599997
07/09/2050 03:00,31252986.273599997
07/09/2050 04:00,31252986.273599997
07/09/2050 05:00,31252986.273599997
07/09/2050 06:00,31252986.273599997
07/09/2050 07:00,31252986.273599997
07/09/2050 08:00,31252986.273599997
07/09/2050 09:00,31252986.273599997
07/09/2050 10:00,31252986.273599997
07/09/2050 11:00,31252986.273599997
07/09/2050 12:00,31252986.273599997
07/09/2050 13:00,31252986.273599997
07/09/2050 14:00,31252986.273599997
07/09/2050 15:00,31252986.273599997
07/09/2050 16:00,31252986.273599997
07/09/2050 17:00,31252986.273599997
07/09/2050 18:00,31252986.273599997
07/09/2050 19:00,31252986.273599997
07/09/2050 20:00,31252986.273599997
07/09/2050 21:00,31252986.273599997
07/09/2050 22:00,31252986.273599997
07/09/2050 23:00,31252986.273599997
08/09/2050 00:00,37295983.6938
08/09/2050 01:00,37295983.6938
08/09/2050 02:00,37295983.6938
08/09/2050 03:00,37295983.6938
08/09/2050 04:00,37295983.6938
08/09/2050 05:00,37295983.6938
08/09/2050 06:00,37295983.6938
08/09/2050 07:00,37295983.6938
08/09/2050 08:00,37295983.6938
08/09/2050 09:00,37295983.6938
08/09/2050 10:00,37295983.6938
08/09/2050 11:00,37295983.6938
08/09/2050 12:00,37295983.6938
08/09/2050 13:00,37295983.6938
08/09/2050 14:00,37295983.6938
08/09/2050 15:00,37295983.6938
08/09/2050 16:00,37295983.6938
08/09/2050 17:00,37295983.6938
08/09/2050 18:00,37295983.6938
08/09/2050 19:00,37295983.6938
08/09/2050 20:00,37295983.6938
08/09/2050 21:00,37295983.6938
08/09/2050 22:00,37295983.6938
08/09/2050 23:00,37295983.6938
09/09/2050 00:00,37189552.0113
09/09/2050 01:00,37189552.0113
09/09/2050 02:00,37189552.0113
09/09/2050 03:00,37189552.0113
09/09/2050 04:00,37189552.0113
09/09/2050 05:00,37189552.0113
09/09/2050 06:00,37189552.0113
09/09/2050 07:00,37189552.0113
09/09/2050 08:00,37189552.0113
09/09/2050 09:00,37189552.0113
09/09/2050 10:00,37189552.0113
09/09/2050 11:00,37189552.0113
09/09/2050 12:00,37189552.0113
09/09/2050 13:00,37189552.0113
09/09/2050 14:00,37189552.0113
09/09/2050 15:00,37189552.0113
09/09/2050 16:00,37189552.0113
09/09/2050 17:00,37189552.0113
09/09/2050 18:00,37189552.0113
09/09/2050 19:00,37189552.0113
09/09/2050 20:00,37189552.0113
09/09/2050 21:00,37189552.0113
09/09/2050 22:00,37189552.0113
09/09/2050 23:00,37189552.0113
10/09/2050 00:00,35423173.1061
10/09/2050 01:00,35423173.1061
10/09/2050 02:00,35423173.1061
10/09/2050 03:00,35423173.1061
10/09/2050 04:00,35423173.1061
10/09/2050 05:00,35423173.1061
10/09/2050 06:00,35423173.1061
10/09/2050 07:00,35423173.1061
10/09/2050 08:00,35423173.1061
10/09/2050 09:00,35423173.1061
10/09/2050 10:00,35423173.1061
10/09/2050 11:00,35423173.1061
10/09/2050 12:00,35423173.1061
10/09/2050 13:00,35423173.1061
10/09/2050 14:00,35423173.1061
10/09/2050 15:00,35423173.1061
10/09/2050 16:00,35423173.1061
10/09/2050 17:00,35423173.1061
10/09/2050 18:00,35423173.1061
10/09/2050 19:00,35423173.1061
10/09/2050 20:00,35423173.1061
10/09/2050 21:00,35423173.1061
10/09/2050 22:00,35423173.1061
10/09/2050 23:00,35423173.1061
11/09/2050 00:00,37640435.3208
11/09/2050 01:00,37640435.3208
11/09/2050 02:00,37640435.3208
11/09/2050 03:00,37640435.3208
11/09/2050 04:00,37640435.3208
11/09/2050 05:00,37640435.3208
11/09/2050 06:00,37640435.3208
11/09/2050 07:00,37640435.3208
11/09/2050 08:00,37640435.3208
11/09/2050 09:00,37640435.3208
11/09/2050 10:00,37640435.3208
11/09/2050 11:00,37640435.3208
11/09/2050 12:00,37640435.3208
11/09/2050 13:00,37640435.3208
11/09/2050 14:00,37640435.3208
11/09/2050 15:00,37640435.3208
11/09/2050 16:00,37640435.3208
11/09/2050 17:00,37640435.3208
11/09/2050 18:00,37640435.3208
11/09/2050 19:00,37640435.3208
11/09/2050 20:00,37640435.3208
11/09/2050 21:00,37640435.3208
11/09/2050 22:00,37640435.3208
11/09/2050 23:00,37640435.3208
12/09/2050 00:00,26112142.496699996
12/09/2050 01:00,26112142.496699996
12/09/2050 02:00,26112142.496699996
12/09/2050 03:00,26112142.496699996
12/09/2050 04:00,26112142.496699996
12/09/2050 05:00,26112142.496699996
12/09/2050 06:00,26112142.496699996
12/09/2050 07:00,26112142.496699996
12/09/2050 08:00,26112142.496699996
12/09/2050 09:00,26112142.496699996
12/09/2050 10:00,26112142.496699996
12/09/2050 11:00,26112142.496699996
12/09/2050 12:00,26112142.496699996
12/09/2050 13:00,26112142.496699996
12/09/2050 14:00,26112142.496699996
12/09/2050 15:00,26112142.496699996
12/09/2050 16:00,26112142.496699996
12/09/2050 17:00,26112142.496699996
12/09/2050 18:00,26112142.496699996
12/09/2050 19:00,26112142.496699996
12/09/2050 20:00,26112142.496699996
12/09/2050 21:00,26112142.496699996
12/09/2050 22:00,26112142.496699996
12/09/2050 23:00,26112142.496699996
13/09/2050 00:00,32155139.916899998
13/09/2050 01:00,32155139.916899998
13/09/2050 02:00,32155139.916899998
13/09/2050 03:00,32155139.916899998
13/09/2050 04:00,32155139.916899998
13/09/2050 05:00,32155139.916899998
13/09/2050 06:00,32155139.916899998
13/09/2050 07:00,32155139.916899998
13/09/2050 08:00,32155139.916899998
13/09/2050 09:00,32155139.916899998
13/09/2050 10:00,32155139.916899998
13/09/2050 11:00,32155139.916899998
13/09/2050 12:00,32155139.916899998
13/09/2050 13:00,32155139.916899998
13/09/2050 14:00,32155139.916899998
13/09/2050 15:00,32155139.916899998
13/09/2050 16:00,32155139.916899998
13/09/2050 17:00,32155139.916899998
13/09/2050 18:00,32155139.916899998
13/09/2050 19:00,32155139.916899998
13/09/2050 20:00,32155139.916899998
13/09/2050 21:00,32155139.916899998
13/09/2050 22:00,32155139.916899998
13/09/2050 23:00,32155139.916899998
14/09/2050 00:00,37221288.0039
14/09/2050 01:00,37221288.0039
14/09/2050 02:00,37221288.0039
14/09/2050 03:00,37221288.0039
14/09/2050 04:00,37221288.0039
14/09/2050 05:00,37221288.0039
14/09/2050 06:00,37221288.0039
14/09/2050 07:00,37221288.0039
14/09/2050 08:00,37221288.0039
14/09/2050 09:00,37221288.0039
14/09/2050 10:00,37221288.0039
14/09/2050 11:00,37221288.0039
14/09/2050 12:00,37221288.0039
14/09/2050 13:00,37221288.0039
14/09/2050 14:00,37221288.0039
14/09/2050 15:00,37221288.0039
14/09/2050 16:00,37221288.0039
14/09/2050 17:00,37221288.0039
14/09/2050 18:00,37221288.0039
14/09/2050 19:00,37221288.0039
14/09/2050 20:00,37221288.0039
14/09/2050 21:00,37221288.0039
14/09/2050 22:00,37221288.0039
14/09/2050 23:00,37221288.0039
15/09/2050 00:00,39193563.83669999
15/09/2050 01:00,39193563.83669999
15/09/2050 02:00,39193563.83669999
15/09/2050 03:00,39193563.83669999
15/09/2050 04:00,39193563.83669999
15/09/2050 05:00,39193563.83669999
15/09/2050 06:00,39193563.83669999
15/09/2050 07:00,39193563.83669999
15/09/2050 08:00,39193563.83669999
15/09/2050 09:00,39193563.83669999
15/09/2050 10:00,39193563.83669999
15/09/2050 11:00,39193563.83669999
15/09/2050 12:00,39193563.83669999
15/09/2050 13:00,39193563.83669999
15/09/2050 14:00,39193563.83669999
15/09/2050 15:00,39193563.83669999
15/09/2050 16:00,39193563.83669999
15/09/2050 17:00,39193563.83669999
15/09/2050 18:00,39193563.83669999
15/09/2050 19:00,39193563.83669999
15/09/2050 20:00,39193563.83669999
15/09/2050 21:00,39193563.83669999
15/09/2050 22:00,39193563.83669999
15/09/2050 23:00,39193563.83669999
16/09/2050 00:00,66712152.639600016
16/09/2050 01:00,66712152.639600016
16/09/2050 02:00,66712152.639600016
16/09/2050 03:00,66712152.639600016
16/09/2050 04:00,66712152.639600016
16/09/2050 05:00,66712152.639600016
16/09/2050 06:00,66712152.639600016
16/09/2050 07:00,66712152.639600016
16/09/2050 08:00,66712152.639600016
16/09/2050 09:00,66712152.639600016
16/09/2050 10:00,66712152.639600016
16/09/2050 11:00,66712152.639600016
16/09/2050 12:00,66712152.639600016
16/09/2050 13:00,66712152.639600016
16/09/2050 14:00,66712152.639600016
16/09/2050 15:00,66712152.639600016
16/09/2050 16:00,66712152.639600016
16/09/2050 17:00,66712152.639600016
16/09/2050 18:00,66712152.639600016
16/09/2050 19:00,66712152.639600016
16/09/2050 20:00,66712152.639600016
16/09/2050 21:00,66712152.639600016
16/09/2050 22:00,66712152.639600016
16/09/2050 23:00,66712152.639600016
17/09/2050 00:00,76728341.52360001
17/09/2050 01:00,76728341.52360001
17/09/2050 02:00,76728341.52360001
17/09/2050 03:00,76728341.52360001
17/09/2050 04:00,76728341.52360001
17/09/2050 05:00,76728341.52360001
17/09/2050 06:00,76728341.52360001
17/09/2050 07:00,76728341.52360001
17/09/2050 08:00,76728341.52360001
17/09/2050 09:00,76728341.52360001
17/09/2050 10:00,76728341.52360001
17/09/2050 11:00,76728341.52360001
17/09/2050 12:00,76728341.52360001
17/09/2050 13:00,76728341.52360001
17/09/2050 14:00,76728341.52360001
17/09/2050 15:00,76728341.52360001
17/09/2050 16:00,76728341.52360001
17/09/2050 17:00,76728341.52360001
17/09/2050 18:00,76728341.52360001
17/09/2050 19:00,76728341.52360001
17/09/2050 20:00,76728341.52360001
17/09/2050 21:00,76728341.52360001
17/09/2050 22:00,76728341.52360001
17/09/2050 23:00,76728341.52360001
18/09/2050 00:00,70065718.19910002
18/09/2050 01:00,70065718.19910002
18/09/2050 02:00,70065718.19910002
18/09/2050 03:00,70065718.19910002
18/09/2050 04:00,70065718.19910002
18/09/2050 05:00,70065718.19910002
18/09/2050 06:00,70065718.19910002
18/09/2050 07:00,70065718.19910002
18/09/2050 08:00,70065718.19910002
18/09/2050 09:00,70065718.19910002
18/09/2050 10:00,70065718.19910002
18/09/2050 11:00,70065718.19910002
18/09/2050 12:00,70065718.19910002
18/09/2050 13:00,70065718.19910002
18/09/2050 14:00,70065718.19910002
18/09/2050 15:00,70065718.19910002
18/09/2050 16:00,70065718.19910002
18/09/2050 17:00,70065718.19910002
18/09/2050 18:00,70065718.19910002
18/09/2050 19:00,70065718.19910002
18/09/2050 20:00,70065718.19910002
18/09/2050 21:00,70065718.19910002
18/09/2050 22:00,70065718.19910002
18/09/2050 23:00,70065718.19910002
19/09/2050 00:00,56887540.78410001
19/09/2050 01:00,56887540.78410001
19/09/2050 02:00,56887540.78410001
19/09/2050 03:00,56887540.78410001
19/09/2050 04:00,56887540.78410001
19/09/2050 05:00,56887540.78410001
19/09/2050 06:00,56887540.78410001
19/09/2050 07:00,56887540.78410001
19/09/2050 08:00,56887540.78410001
19/09/2050 09:00,56887540.78410001
19/09/2050 10:00,56887540.78410001
19/09/2050 11:00,56887540.78410001
19/09/2050 12:00,56887540.78410001
19/09/2050 13:00,56887540.78410001
19/09/2050 14:00,56887540.78410001
19/09/2050 15:00,56887540.78410001
19/09/2050 16:00,56887540.78410001
19/09/2050 17:00,56887540.78410001
19/09/2050 18:00,56887540.78410001
19/09/2050 19:00,56887540.78410001
19/09/2050 20:00,56887540.78410001
19/09/2050 21:00,56887540.78410001
19/09/2050 22:00,56887540.78410001
19/09/2050 23:00,56887540.78410001
20/09/2050 00:00,51983168.8545
20/09/2050 01:00,51983168.8545
20/09/2050 02:00,51983168.8545
20/09/2050 03:00,51983168.8545
20/09/2050 04:00,51983168.8545
20/09/2050 05:00,51983168.8545
20/09/2050 06:00,51983168.8545
20/09/2050 07:00,51983168.8545
20/09/2050 08:00,51983168.8545
20/09/2050 09:00,51983168.8545
20/09/2050 10:00,51983168.8545
20/09/2050 11:00,51983168.8545
20/09/2050 12:00,51983168.8545
20/09/2050 13:00,51983168.8545
20/09/2050 14:00,51983168.8545
20/09/2050 15:00,51983168.8545
20/09/2050 16:00,51983168.8545
20/09/2050 17:00,51983168.8545
20/09/2050 18:00,51983168.8545
20/09/2050 19:00,51983168.8545
20/09/2050 20:00,51983168.8545
20/09/2050 21:00,51983168.8545
20/09/2050 22:00,51983168.8545
20/09/2050 23:00,51983168.8545
21/09/2050 00:00,59463961.54920001
21/09/2050 01:00,59463961.54920001
21/09/2050 02:00,59463961.54920001
21/09/2050 03:00,59463961.54920001
21/09/2050 04:00,59463961.54920001
21/09/2050 05:00,59463961.54920001
21/09/2050 06:00,59463961.54920001
21/09/2050 07:00,59463961.54920001
21/09/2050 08:00,59463961.54920001
21/09/2050 09:00,59463961.54920001
21/09/2050 10:00,59463961.54920001
21/09/2050 11:00,59463961.54920001
21/09/2050 12:00,59463961.54920001
21/09/2050 13:00,59463961.54920001
21/09/2050 14:00,59463961.54920001
21/09/2050 15:00,59463961.54920001
21/09/2050 16:00,59463961.54920001
21/09/2050 17:00,59463961.54920001
21/09/2050 18:00,59463961.54920001
21/09/2050 19:00,59463961.54920001
21/09/2050 20:00,59463961.54920001
21/09/2050 21:00,59463961.54920001
21/09/2050 22:00,59463961.54920001
21/09/2050 23:00,59463961.54920001
22/09/2050 00:00,51833390.45040001
22/09/2050 01:00,51833390.45040001
22/09/2050 02:00,51833390.45040001
22/09/2050 03:00,51833390.45040001
22/09/2050 04:00,51833390.45040001
22/09/2050 05:00,51833390.45040001
22/09/2050 06:00,51833390.45040001
22/09/2050 07:00,51833390.45040001
22/09/2050 08:00,51833390.45040001
22/09/2050 09:00,51833390.45040001
22/09/2050 10:00,51833390.45040001
22/09/2050 11:00,51833390.45040001
22/09/2050 12:00,51833390.45040001
22/09/2050 13:00,51833390.45040001
22/09/2050 14:00,51833390.45040001
22/09/2050 15:00,51833390.45040001
22/09/2050 16:00,51833390.45040001
22/09/2050 17:00,51833390.45040001
22/09/2050 18:00,51833390.45040001
22/09/2050 19:00,51833390.45040001
22/09/2050 20:00,51833390.45040001
22/09/2050 21:00,51833390.45040001
22/09/2050 22:00,51833390.45040001
22/09/2050 23:00,51833390.45040001
23/09/2050 00:00,44744653.37160002
23/09/2050 01:00,44744653.37160002
23/09/2050 02:00,44744653.37160002
23/09/2050 03:00,44744653.37160002
23/09/2050 04:00,44744653.37160002
23/09/2050 05:00,44744653.37160002
23/09/2050 06:00,44744653.37160002
23/09/2050 07:00,44744653.37160002
23/09/2050 08:00,44744653.37160002
23/09/2050 09:00,44744653.37160002
23/09/2050 10:00,44744653.37160002
23/09/2050 11:00,44744653.37160002
23/09/2050 12:00,44744653.37160002
23/09/2050 13:00,44744653.37160002
23/09/2050 14:00,44744653.37160002
23/09/2050 15:00,44744653.37160002
23/09/2050 16:00,44744653.37160002
23/09/2050 17:00,44744653.37160002
23/09/2050 18:00,44744653.37160002
23/09/2050 19:00,44744653.37160002
23/09/2050 20:00,44744653.37160002
23/09/2050 21:00,44744653.37160002
23/09/2050 22:00,44744653.37160002
23/09/2050 23:00,44744653.37160002
24/09/2050 00:00,45459487.2537
24/09/2050 01:00,45459487.2537
24/09/2050 02:00,45459487.2537
24/09/2050 03:00,45459487.2537
24/09/2050 04:00,45459487.2537
24/09/2050 05:00,45459487.2537
24/09/2050 06:00,45459487.2537
24/09/2050 07:00,45459487.2537
24/09/2050 08:00,45459487.2537
24/09/2050 09:00,45459487.2537
24/09/2050 10:00,45459487.2537
24/09/2050 11:00,45459487.2537
24/09/2050 12:00,45459487.2537
24/09/2050 13:00,45459487.2537
24/09/2050 14:00,45459487.2537
24/09/2050 15:00,45459487.2537
24/09/2050 16:00,45459487.2537
24/09/2050 17:00,45459487.2537
24/09/2050 18:00,45459487.2537
24/09/2050 19:00,45459487.2537
24/09/2050 20:00,45459487.2537
24/09/2050 21:00,45459487.2537
24/09/2050 22:00,45459487.2537
24/09/2050 23:00,45459487.2537
25/09/2050 00:00,62454498.31530001
25/09/2050 01:00,62454498.31530001
25/09/2050 02:00,62454498.31530001
25/09/2050 03:00,62454498.31530001
25/09/2050 04:00,62454498.31530001
25/09/2050 05:00,62454498.31530001
25/09/2050 06:00,62454498.31530001
25/09/2050 07:00,62454498.31530001
25/09/2050 08:00,62454498.31530001
25/09/2050 09:00,62454498.31530001
25/09/2050 10:00,62454498.31530001
25/09/2050 11:00,62454498.31530001
25/09/2050 12:00,62454498.31530001
25/09/2050 13:00,62454498.31530001
25/09/2050 14:00,62454498.31530001
25/09/2050 15:00,62454498.31530001
25/09/2050 16:00,62454498.31530001
25/09/2050 17:00,62454498.31530001
25/09/2050 18:00,62454498.31530001
25/09/2050 19:00,62454498.31530001
25/09/2050 20:00,62454498.31530001
25/09/2050 21:00,62454498.31530001
25/09/2050 22:00,62454498.31530001
25/09/2050 23:00,62454498.31530001
26/09/2050 00:00,78373968.84720002
26/09/2050 01:00,78373968.84720002
26/09/2050 02:00,78373968.84720002
26/09/2050 03:00,78373968.84720002
26/09/2050 04:00,78373968.84720002
26/09/2050 05:00,78373968.84720002
26/09/2050 06:00,78373968.84720002
26/09/2050 07:00,78373968.84720002
26/09/2050 08:00,78373968.84720002
26/09/2050 09:00,78373968.84720002
26/09/2050 10:00,78373968.84720002
26/09/2050 11:00,78373968.84720002
26/09/2050 12:00,78373968.84720002
26/09/2050 13:00,78373968.84720002
26/09/2050 14:00,78373968.84720002
26/09/2050 15:00,78373968.84720002
26/09/2050 16:00,78373968.84720002
26/09/2050 17:00,78373968.84720002
26/09/2050 18:00,78373968.84720002
26/09/2050 19:00,78373968.84720002
26/09/2050 20:00,78373968.84720002
26/09/2050 21:00,78373968.84720002
26/09/2050 22:00,78373968.84720002
26/09/2050 23:00,78373968.84720002
27/09/2050 00:00,103267371.82320003
27/09/2050 01:00,103267371.82320003
27/09/2050 02:00,103267371.82320003
27/09/2050 03:00,103267371.82320003
27/09/2050 04:00,103267371.82320003
27/09/2050 05:00,103267371.82320003
27/09/2050 06:00,103267371.82320003
27/09/2050 07:00,103267371.82320003
27/09/2050 08:00,103267371.82320003
27/09/2050 09:00,103267371.82320003
27/09/2050 10:00,103267371.82320003
27/09/2050 11:00,103267371.82320003
27/09/2050 12:00,103267371.82320003
27/09/2050 13:00,103267371.82320003
27/09/2050 14:00,103267371.82320003
27/09/2050 15:00,103267371.82320003
27/09/2050 16:00,103267371.82320003
27/09/2050 17:00,103267371.82320003
27/09/2050 18:00,103267371.82320003
27/09/2050 19:00,103267371.82320003
27/09/2050 20:00,103267371.82320003
27/09/2050 21:00,103267371.82320003
27/09/2050 22:00,103267371.82320003
27/09/2050 23:00,103267371.82320003
28/09/2050 00:00,112218469.83360001
28/09/2050 01:00,112218469.83360001
28/09/2050 02:00,112218469.83360001
28/09/2050 03:00,112218469.83360001
28/09/2050 04:00,112218469.83360001
28/09/2050 05:00,112218469.83360001
28/09/2050 06:00,112218469.83360001
28/09/2050 07:00,112218469.83360001
28/09/2050 08:00,112218469.83360001
28/09/2050 09:00,112218469.83360001
28/09/2050 10:00,112218469.83360001
28/09/2050 11:00,112218469.83360001
28/09/2050 12:00,112218469.83360001
28/09/2050 13:00,112218469.83360001
28/09/2050 14:00,112218469.83360001
28/09/2050 15:00,112218469.83360001
28/09/2050 16:00,112218469.83360001
28/09/2050 17:00,112218469.83360001
28/09/2050 18:00,112218469.83360001
28/09/2050 19:00,112218469.83360001
28/09/2050 20:00,112218469.83360001
28/09/2050 21:00,112218469.83360001
28/09/2050 22:00,112218469.83360001
28/09/2050 23:00,112218469.83360001
29/09/2050 00:00,112709990.69460003
29/09/2050 01:00,112709990.69460003
29/09/2050 02:00,112709990.69460003
29/09/2050 03:00,112709990.69460003
29/09/2050 04:00,112709990.69460003
29/09/2050 05:00,112709990.69460003
29/09/2050 06:00,112709990.69460003
29/09/2050 07:00,112709990.69460003
29/09/2050 08:00,112709990.69460003
29/09/2050 09:00,112709990.69460003
29/09/2050 10:00,112709990.69460003
29/09/2050 11:00,112709990.69460003
29/09/2050 12:00,112709990.69460003
29/09/2050 13:00,112709990.69460003
29/09/2050 14:00,112709990.69460003
29/09/2050 15:00,112709990.69460003
29/09/2050 16:00,112709990.69460003
29/09/2050 17:00,112709990.69460003
29/09/2050 18:00,112709990.69460003
29/09/2050 19:00,112709990.69460003
29/09/2050 20:00,112709990.69460003
29/09/2050 21:00,112709990.69460003
29/09/2050 22:00,112709990.69460003
29/09/2050 23:00,112709990.69460003
30/09/2050 00:00,86054466.08070001
30/09/2050 01:00,86054466.08070001
30/09/2050 02:00,86054466.08070001
30/09/2050 03:00,86054466.08070001
30/09/2050 04:00,86054466.08070001
30/09/2050 05:00,86054466.08070001
30/09/2050 06:00,86054466.08070001
30/09/2050 07:00,86054466.08070001
30/09/2050 08:00,86054466.08070001
30/09/2050 09:00,86054466.08070001
30/09/2050 10:00,86054466.08070001
30/09/2050 11:00,86054466.08070001
30/09/2050 12:00,86054466.08070001
30/09/2050 13:00,86054466.08070001
30/09/2050 14:00,86054466.08070001
30/09/2050 15:00,86054466.08070001
30/09/2050 16:00,86054466.08070001
30/09/2050 17:00,86054466.08070001
30/09/2050 18:00,86054466.08070001
30/09/2050 19:00,86054466.08070001
30/09/2050 20:00,86054466.08070001
30/09/2050 21:00,86054466.08070001
30/09/2050 22:00,86054466.08070001
30/09/2050 23:00,86054466.08070001
01/10/2050 00:00,43696204.5429
01/10/2050 01:00,43696204.5429
01/10/2050 02:00,43696204.5429
01/10/2050 03:00,43696204.5429
01/10/2050 04:00,43696204.5429
01/10/2050 05:00,43696204.5429
01/10/2050 06:00,43696204.5429
01/10/2050 07:00,43696204.5429
01/10/2050 08:00,43696204.5429
01/10/2050 09:00,43696204.5429
01/10/2050 10:00,43696204.5429
01/10/2050 11:00,43696204.5429
01/10/2050 12:00,43696204.5429
01/10/2050 13:00,43696204.5429
01/10/2050 14:00,43696204.5429
01/10/2050 15:00,43696204.5429
01/10/2050 16:00,43696204.5429
01/10/2050 17:00,43696204.5429
01/10/2050 18:00,43696204.5429
01/10/2050 19:00,43696204.5429
01/10/2050 20:00,43696204.5429
01/10/2050 21:00,43696204.5429
01/10/2050 22:00,43696204.5429
01/10/2050 23:00,43696204.5429
02/10/2050 00:00,59343209.9676
02/10/2050 01:00,59343209.9676
02/10/2050 02:00,59343209.9676
02/10/2050 03:00,59343209.9676
02/10/2050 04:00,59343209.9676
02/10/2050 05:00,59343209.9676
02/10/2050 06:00,59343209.9676
02/10/2050 07:00,59343209.9676
02/10/2050 08:00,59343209.9676
02/10/2050 09:00,59343209.9676
02/10/2050 10:00,59343209.9676
02/10/2050 11:00,59343209.9676
02/10/2050 12:00,59343209.9676
02/10/2050 13:00,59343209.9676
02/10/2050 14:00,59343209.9676
02/10/2050 15:00,59343209.9676
02/10/2050 16:00,59343209.9676
02/10/2050 17:00,59343209.9676
02/10/2050 18:00,59343209.9676
02/10/2050 19:00,59343209.9676
02/10/2050 20:00,59343209.9676
02/10/2050 21:00,59343209.9676
02/10/2050 22:00,59343209.9676
02/10/2050 23:00,59343209.9676
03/10/2050 00:00,83145978.46620002
03/10/2050 01:00,83145978.46620002
03/10/2050 02:00,83145978.46620002
03/10/2050 03:00,83145978.46620002
03/10/2050 04:00,83145978.46620002
03/10/2050 05:00,83145978.46620002
03/10/2050 06:00,83145978.46620002
03/10/2050 07:00,83145978.46620002
03/10/2050 08:00,83145978.46620002
03/10/2050 09:00,83145978.46620002
03/10/2050 10:00,83145978.46620002
03/10/2050 11:00,83145978.46620002
03/10/2050 12:00,83145978.46620002
03/10/2050 13:00,83145978.46620002
03/10/2050 14:00,83145978.46620002
03/10/2050 15:00,83145978.46620002
03/10/2050 16:00,83145978.46620002
03/10/2050 17:00,83145978.46620002
03/10/2050 18:00,83145978.46620002
03/10/2050 19:00,83145978.46620002
03/10/2050 20:00,83145978.46620002
03/10/2050 21:00,83145978.46620002
03/10/2050 22:00,83145978.46620002
03/10/2050 23:00,83145978.46620002
04/10/2050 00:00,44119996.1514
04/10/2050 01:00,44119996.1514
04/10/2050 02:00,44119996.1514
04/10/2050 03:00,44119996.1514
04/10/2050 04:00,44119996.1514
04/10/2050 05:00,44119996.1514
04/10/2050 06:00,44119996.1514
04/10/2050 07:00,44119996.1514
04/10/2050 08:00,44119996.1514
04/10/2050 09:00,44119996.1514
04/10/2050 10:00,44119996.1514
04/10/2050 11:00,44119996.1514
04/10/2050 12:00,44119996.1514
04/10/2050 13:00,44119996.1514
04/10/2050 14:00,44119996.1514
04/10/2050 15:00,44119996.1514
04/10/2050 16:00,44119996.1514
04/10/2050 17:00,44119996.1514
04/10/2050 18:00,44119996.1514
04/10/2050 19:00,44119996.1514
04/10/2050 20:00,44119996.1514
04/10/2050 21:00,44119996.1514
04/10/2050 22:00,44119996.1514
04/10/2050 23:00,44119996.1514
05/10/2050 00:00,42302917.0629
05/10/2050 01:00,42302917.0629
05/10/2050 02:00,42302917.0629
05/10/2050 03:00,42302917.0629
05/10/2050 04:00,42302917.0629
05/10/2050 05:00,42302917.0629
05/10/2050 06:00,42302917.0629
05/10/2050 07:00,42302917.0629
05/10/2050 08:00,42302917.0629
05/10/2050 09:00,42302917.0629
05/10/2050 10:00,42302917.0629
05/10/2050 11:00,42302917.0629
05/10/2050 12:00,42302917.0629
05/10/2050 13:00,42302917.0629
05/10/2050 14:00,42302917.0629
05/10/2050 15:00,42302917.0629
05/10/2050 16:00,42302917.0629
05/10/2050 17:00,42302917.0629
05/10/2050 18:00,42302917.0629
05/10/2050 19:00,42302917.0629
05/10/2050 20:00,42302917.0629
05/10/2050 21:00,42302917.0629
05/10/2050 22:00,42302917.0629
05/10/2050 23:00,42302917.0629
06/10/2050 00:00,77909926.71149999
06/10/2050 01:00,77909926.71149999
06/10/2050 02:00,77909926.71149999
06/10/2050 03:00,77909926.71149999
06/10/2050 04:00,77909926.71149999
06/10/2050 05:00,77909926.71149999
06/10/2050 06:00,77909926.71149999
06/10/2050 07:00,77909926.71149999
06/10/2050 08:00,77909926.71149999
06/10/2050 09:00,77909926.71149999
06/10/2050 10:00,77909926.71149999
06/10/2050 11:00,77909926.71149999
06/10/2050 12:00,77909926.71149999
06/10/2050 13:00,77909926.71149999
06/10/2050 14:00,77909926.71149999
06/10/2050 15:00,77909926.71149999
06/10/2050 16:00,77909926.71149999
06/10/2050 17:00,77909926.71149999
06/10/2050 18:00,77909926.71149999
06/10/2050 19:00,77909926.71149999
06/10/2050 20:00,77909926.71149999
06/10/2050 21:00,77909926.71149999
06/10/2050 22:00,77909926.71149999
06/10/2050 23:00,77909926.71149999
07/10/2050 00:00,51699867.066900015
07/10/2050 01:00,51699867.066900015
07/10/2050 02:00,51699867.066900015
07/10/2050 03:00,51699867.066900015
07/10/2050 04:00,51699867.066900015
07/10/2050 05:00,51699867.066900015
07/10/2050 06:00,51699867.066900015
07/10/2050 07:00,51699867.066900015
07/10/2050 08:00,51699867.066900015
07/10/2050 09:00,51699867.066900015
07/10/2050 10:00,51699867.066900015
07/10/2050 11:00,51699867.066900015
07/10/2050 12:00,51699867.066900015
07/10/2050 13:00,51699867.066900015
07/10/2050 14:00,51699867.066900015
07/10/2050 15:00,51699867.066900015
07/10/2050 16:00,51699867.066900015
07/10/2050 17:00,51699867.066900015
07/10/2050 18:00,51699867.066900015
07/10/2050 19:00,51699867.066900015
07/10/2050 20:00,51699867.066900015
07/10/2050 21:00,51699867.066900015
07/10/2050 22:00,51699867.066900015
07/10/2050 23:00,51699867.066900015
08/10/2050 00:00,91010699.26650003
08/10/2050 01:00,91010699.26650003
08/10/2050 02:00,91010699.26650003
08/10/2050 03:00,91010699.26650003
08/10/2050 04:00,91010699.26650003
08/10/2050 05:00,91010699.26650003
08/10/2050 06:00,91010699.26650003
08/10/2050 07:00,91010699.26650003
08/10/2050 08:00,91010699.26650003
08/10/2050 09:00,91010699.26650003
08/10/2050 10:00,91010699.26650003
08/10/2050 11:00,91010699.26650003
08/10/2050 12:00,91010699.26650003
08/10/2050 13:00,91010699.26650003
08/10/2050 14:00,91010699.26650003
08/10/2050 15:00,91010699.26650003
08/10/2050 16:00,91010699.26650003
08/10/2050 17:00,91010699.26650003
08/10/2050 18:00,91010699.26650003
08/10/2050 19:00,91010699.26650003
08/10/2050 20:00,91010699.26650003
08/10/2050 21:00,91010699.26650003
08/10/2050 22:00,91010699.26650003
08/10/2050 23:00,91010699.26650003
09/10/2050 00:00,81706248.07020003
09/10/2050 01:00,81706248.07020003
09/10/2050 02:00,81706248.07020003
09/10/2050 03:00,81706248.07020003
09/10/2050 04:00,81706248.07020003
09/10/2050 05:00,81706248.07020003
09/10/2050 06:00,81706248.07020003
09/10/2050 07:00,81706248.07020003
09/10/2050 08:00,81706248.07020003
09/10/2050 09:00,81706248.07020003
09/10/2050 10:00,81706248.07020003
09/10/2050 11:00,81706248.07020003
09/10/2050 12:00,81706248.07020003
09/10/2050 13:00,81706248.07020003
09/10/2050 14:00,81706248.07020003
09/10/2050 15:00,81706248.07020003
09/10/2050 16:00,81706248.07020003
09/10/2050 17:00,81706248.07020003
09/10/2050 18:00,81706248.07020003
09/10/2050 19:00,81706248.07020003
09/10/2050 20:00,81706248.07020003
09/10/2050 21:00,81706248.07020003
09/10/2050 22:00,81706248.07020003
09/10/2050 23:00,81706248.07020003
10/10/2050 00:00,71143193.85030001
10/10/2050 01:00,71143193.85030001
10/10/2050 02:00,71143193.85030001
10/10/2050 03:00,71143193.85030001
10/10/2050 04:00,71143193.85030001
10/10/2050 05:00,71143193.85030001
10/10/2050 06:00,71143193.85030001
10/10/2050 07:00,71143193.85030001
10/10/2050 08:00,71143193.85030001
10/10/2050 09:00,71143193.85030001
10/10/2050 10:00,71143193.85030001
10/10/2050 11:00,71143193.85030001
10/10/2050 12:00,71143193.85030001
10/10/2050 13:00,71143193.85030001
10/10/2050 14:00,71143193.85030001
10/10/2050 15:00,71143193.85030001
10/10/2050 16:00,71143193.85030001
10/10/2050 17:00,71143193.85030001
10/10/2050 18:00,71143193.85030001
10/10/2050 19:00,71143193.85030001
10/10/2050 20:00,71143193.85030001
10/10/2050 21:00,71143193.85030001
10/10/2050 22:00,71143193.85030001
10/10/2050 23:00,71143193.85030001
11/10/2050 00:00,111004761.62880002
11/10/2050 01:00,111004761.62880002
11/10/2050 02:00,111004761.62880002
11/10/2050 03:00,111004761.62880002
11/10/2050 04:00,111004761.62880002
11/10/2050 05:00,111004761.62880002
11/10/2050 06:00,111004761.62880002
11/10/2050 07:00,111004761.62880002
11/10/2050 08:00,111004761.62880002
11/10/2050 09:00,111004761.62880002
11/10/2050 10:00,111004761.62880002
11/10/2050 11:00,111004761.62880002
11/10/2050 12:00,111004761.62880002
11/10/2050 13:00,111004761.62880002
11/10/2050 14:00,111004761.62880002
11/10/2050 15:00,111004761.62880002
11/10/2050 16:00,111004761.62880002
11/10/2050 17:00,111004761.62880002
11/10/2050 18:00,111004761.62880002
11/10/2050 19:00,111004761.62880002
11/10/2050 20:00,111004761.62880002
11/10/2050 21:00,111004761.62880002
11/10/2050 22:00,111004761.62880002
11/10/2050 23:00,111004761.62880002
12/10/2050 00:00,82529061.73200001
12/10/2050 01:00,82529061.73200001
12/10/2050 02:00,82529061.73200001
12/10/2050 03:00,82529061.73200001
12/10/2050 04:00,82529061.73200001
12/10/2050 05:00,82529061.73200001
12/10/2050 06:00,82529061.73200001
12/10/2050 07:00,82529061.73200001
12/10/2050 08:00,82529061.73200001
12/10/2050 09:00,82529061.73200001
12/10/2050 10:00,82529061.73200001
12/10/2050 11:00,82529061.73200001
12/10/2050 12:00,82529061.73200001
12/10/2050 13:00,82529061.73200001
12/10/2050 14:00,82529061.73200001
12/10/2050 15:00,82529061.73200001
12/10/2050 16:00,82529061.73200001
12/10/2050 17:00,82529061.73200001
12/10/2050 18:00,82529061.73200001
12/10/2050 19:00,82529061.73200001
12/10/2050 20:00,82529061.73200001
12/10/2050 21:00,82529061.73200001
12/10/2050 22:00,82529061.73200001
12/10/2050 23:00,82529061.73200001
13/10/2050 00:00,66347575.74900001
13/10/2050 01:00,66347575.74900001
13/10/2050 02:00,66347575.74900001
13/10/2050 03:00,66347575.74900001
13/10/2050 04:00,66347575.74900001
13/10/2050 05:00,66347575.74900001
13/10/2050 06:00,66347575.74900001
13/10/2050 07:00,66347575.74900001
13/10/2050 08:00,66347575.74900001
13/10/2050 09:00,66347575.74900001
13/10/2050 10:00,66347575.74900001
13/10/2050 11:00,66347575.74900001
13/10/2050 12:00,66347575.74900001
13/10/2050 13:00,66347575.74900001
13/10/2050 14:00,66347575.74900001
13/10/2050 15:00,66347575.74900001
13/10/2050 16:00,66347575.74900001
13/10/2050 17:00,66347575.74900001
13/10/2050 18:00,66347575.74900001
13/10/2050 19:00,66347575.74900001
13/10/2050 20:00,66347575.74900001
13/10/2050 21:00,66347575.74900001
13/10/2050 22:00,66347575.74900001
13/10/2050 23:00,66347575.74900001
14/10/2050 00:00,62915057.23230001
14/10/2050 01:00,62915057.23230001
14/10/2050 02:00,62915057.23230001
14/10/2050 03:00,62915057.23230001
14/10/2050 04:00,62915057.23230001
14/10/2050 05:00,62915057.23230001
14/10/2050 06:00,62915057.23230001
14/10/2050 07:00,62915057.23230001
14/10/2050 08:00,62915057.23230001
14/10/2050 09:00,62915057.23230001
14/10/2050 10:00,62915057.23230001
14/10/2050 11:00,62915057.23230001
14/10/2050 12:00,62915057.23230001
14/10/2050 13:00,62915057.23230001
14/10/2050 14:00,62915057.23230001
14/10/2050 15:00,62915057.23230001
14/10/2050 16:00,62915057.23230001
14/10/2050 17:00,62915057.23230001
14/10/2050 18:00,62915057.23230001
14/10/2050 19:00,62915057.23230001
14/10/2050 20:00,62915057.23230001
14/10/2050 21:00,62915057.23230001
14/10/2050 22:00,62915057.23230001
14/10/2050 23:00,62915057.23230001
15/10/2050 00:00,59025075.993000016
15/10/2050 01:00,59025075.993000016
15/10/2050 02:00,59025075.993000016
15/10/2050 03:00,59025075.993000016
15/10/2050 04:00,59025075.993000016
15/10/2050 05:00,59025075.993000016
15/10/2050 06:00,59025075.993000016
15/10/2050 07:00,59025075.993000016
15/10/2050 08:00,59025075.993000016
15/10/2050 09:00,59025075.993000016
15/10/2050 10:00,59025075.993000016
15/10/2050 11:00,59025075.993000016
15/10/2050 12:00,59025075.993000016
15/10/2050 13:00,59025075.993000016
15/10/2050 14:00,59025075.993000016
15/10/2050 15:00,59025075.993000016
15/10/2050 16:00,59025075.993000016
15/10/2050 17:00,59025075.993000016
15/10/2050 18:00,59025075.993000016
15/10/2050 19:00,59025075.993000016
15/10/2050 20:00,59025075.993000016
15/10/2050 21:00,59025075.993000016
15/10/2050 22:00,59025075.993000016
15/10/2050 23:00,59025075.993000016
16/10/2050 00:00,52851264.35940001
16/10/2050 01:00,52851264.35940001
16/10/2050 02:00,52851264.35940001
16/10/2050 03:00,52851264.35940001
16/10/2050 04:00,52851264.35940001
16/10/2050 05:00,52851264.35940001
16/10/2050 06:00,52851264.35940001
16/10/2050 07:00,52851264.35940001
16/10/2050 08:00,52851264.35940001
16/10/2050 09:00,52851264.35940001
16/10/2050 10:00,52851264.35940001
16/10/2050 11:00,52851264.35940001
16/10/2050 12:00,52851264.35940001
16/10/2050 13:00,52851264.35940001
16/10/2050 14:00,52851264.35940001
16/10/2050 15:00,52851264.35940001
16/10/2050 16:00,52851264.35940001
16/10/2050 17:00,52851264.35940001
16/10/2050 18:00,52851264.35940001
16/10/2050 19:00,52851264.35940001
16/10/2050 20:00,52851264.35940001
16/10/2050 21:00,52851264.35940001
16/10/2050 22:00,52851264.35940001
16/10/2050 23:00,52851264.35940001
17/10/2050 00:00,41571441.135900006
17/10/2050 01:00,41571441.135900006
17/10/2050 02:00,41571441.135900006
17/10/2050 03:00,41571441.135900006
17/10/2050 04:00,41571441.135900006
17/10/2050 05:00,41571441.135900006
17/10/2050 06:00,41571441.135900006
17/10/2050 07:00,41571441.135900006
17/10/2050 08:00,41571441.135900006
17/10/2050 09:00,41571441.135900006
17/10/2050 10:00,41571441.135900006
17/10/2050 11:00,41571441.135900006
17/10/2050 12:00,41571441.135900006
17/10/2050 13:00,41571441.135900006
17/10/2050 14:00,41571441.135900006
17/10/2050 15:00,41571441.135900006
17/10/2050 16:00,41571441.135900006
17/10/2050 17:00,41571441.135900006
17/10/2050 18:00,41571441.135900006
17/10/2050 19:00,41571441.135900006
17/10/2050 20:00,41571441.135900006
17/10/2050 21:00,41571441.135900006
17/10/2050 22:00,41571441.135900006
17/10/2050 23:00,41571441.135900006
18/10/2050 00:00,68569869.27960001
18/10/2050 01:00,68569869.27960001
18/10/2050 02:00,68569869.27960001
18/10/2050 03:00,68569869.27960001
18/10/2050 04:00,68569869.27960001
18/10/2050 05:00,68569869.27960001
18/10/2050 06:00,68569869.27960001
18/10/2050 07:00,68569869.27960001
18/10/2050 08:00,68569869.27960001
18/10/2050 09:00,68569869.27960001
18/10/2050 10:00,68569869.27960001
18/10/2050 11:00,68569869.27960001
18/10/2050 12:00,68569869.27960001
18/10/2050 13:00,68569869.27960001
18/10/2050 14:00,68569869.27960001
18/10/2050 15:00,68569869.27960001
18/10/2050 16:00,68569869.27960001
18/10/2050 17:00,68569869.27960001
18/10/2050 18:00,68569869.27960001
18/10/2050 19:00,68569869.27960001
18/10/2050 20:00,68569869.27960001
18/10/2050 21:00,68569869.27960001
18/10/2050 22:00,68569869.27960001
18/10/2050 23:00,68569869.27960001
19/10/2050 00:00,49304960.6985
19/10/2050 01:00,49304960.6985
19/10/2050 02:00,49304960.6985
19/10/2050 03:00,49304960.6985
19/10/2050 04:00,49304960.6985
19/10/2050 05:00,49304960.6985
19/10/2050 06:00,49304960.6985
19/10/2050 07:00,49304960.6985
19/10/2050 08:00,49304960.6985
19/10/2050 09:00,49304960.6985
19/10/2050 10:00,49304960.6985
19/10/2050 11:00,49304960.6985
19/10/2050 12:00,49304960.6985
19/10/2050 13:00,49304960.6985
19/10/2050 14:00,49304960.6985
19/10/2050 15:00,49304960.6985
19/10/2050 16:00,49304960.6985
19/10/2050 17:00,49304960.6985
19/10/2050 18:00,49304960.6985
19/10/2050 19:00,49304960.6985
19/10/2050 20:00,49304960.6985
19/10/2050 21:00,49304960.6985
19/10/2050 22:00,49304960.6985
19/10/2050 23:00,49304960.6985
20/10/2050 00:00,46494390.231900014
20/10/2050 01:00,46494390.231900014
20/10/2050 02:00,46494390.231900014
20/10/2050 03:00,46494390.231900014
20/10/2050 04:00,46494390.231900014
20/10/2050 05:00,46494390.231900014
20/10/2050 06:00,46494390.231900014
20/10/2050 07:00,46494390.231900014
20/10/2050 08:00,46494390.231900014
20/10/2050 09:00,46494390.231900014
20/10/2050 10:00,46494390.231900014
20/10/2050 11:00,46494390.231900014
20/10/2050 12:00,46494390.231900014
20/10/2050 13:00,46494390.231900014
20/10/2050 14:00,46494390.231900014
20/10/2050 15:00,46494390.231900014
20/10/2050 16:00,46494390.231900014
20/10/2050 17:00,46494390.231900014
20/10/2050 18:00,46494390.231900014
20/10/2050 19:00,46494390.231900014
20/10/2050 20:00,46494390.231900014
20/10/2050 21:00,46494390.231900014
20/10/2050 22:00,46494390.231900014
20/10/2050 23:00,46494390.231900014
21/10/2050 00:00,37500719.548499994
21/10/2050 01:00,37500719.548499994
21/10/2050 02:00,37500719.548499994
21/10/2050 03:00,37500719.548499994
21/10/2050 04:00,37500719.548499994
21/10/2050 05:00,37500719.548499994
21/10/2050 06:00,37500719.548499994
21/10/2050 07:00,37500719.548499994
21/10/2050 08:00,37500719.548499994
21/10/2050 09:00,37500719.548499994
21/10/2050 10:00,37500719.548499994
21/10/2050 11:00,37500719.548499994
21/10/2050 12:00,37500719.548499994
21/10/2050 13:00,37500719.548499994
21/10/2050 14:00,37500719.548499994
21/10/2050 15:00,37500719.548499994
21/10/2050 16:00,37500719.548499994
21/10/2050 17:00,37500719.548499994
21/10/2050 18:00,37500719.548499994
21/10/2050 19:00,37500719.548499994
21/10/2050 20:00,37500719.548499994
21/10/2050 21:00,37500719.548499994
21/10/2050 22:00,37500719.548499994
21/10/2050 23:00,37500719.548499994
22/10/2050 00:00,40642582.815900005
22/10/2050 01:00,40642582.815900005
22/10/2050 02:00,40642582.815900005
22/10/2050 03:00,40642582.815900005
22/10/2050 04:00,40642582.815900005
22/10/2050 05:00,40642582.815900005
22/10/2050 06:00,40642582.815900005
22/10/2050 07:00,40642582.815900005
22/10/2050 08:00,40642582.815900005
22/10/2050 09:00,40642582.815900005
22/10/2050 10:00,40642582.815900005
22/10/2050 11:00,40642582.815900005
22/10/2050 12:00,40642582.815900005
22/10/2050 13:00,40642582.815900005
22/10/2050 14:00,40642582.815900005
22/10/2050 15:00,40642582.815900005
22/10/2050 16:00,40642582.815900005
22/10/2050 17:00,40642582.815900005
22/10/2050 18:00,40642582.815900005
22/10/2050 19:00,40642582.815900005
22/10/2050 20:00,40642582.815900005
22/10/2050 21:00,40642582.815900005
22/10/2050 22:00,40642582.815900005
22/10/2050 23:00,40642582.815900005
23/10/2050 00:00,40028762.2761
23/10/2050 01:00,40028762.2761
23/10/2050 02:00,40028762.2761
23/10/2050 03:00,40028762.2761
23/10/2050 04:00,40028762.2761
23/10/2050 05:00,40028762.2761
23/10/2050 06:00,40028762.2761
23/10/2050 07:00,40028762.2761
23/10/2050 08:00,40028762.2761
23/10/2050 09:00,40028762.2761
23/10/2050 10:00,40028762.2761
23/10/2050 11:00,40028762.2761
23/10/2050 12:00,40028762.2761
23/10/2050 13:00,40028762.2761
23/10/2050 14:00,40028762.2761
23/10/2050 15:00,40028762.2761
23/10/2050 16:00,40028762.2761
23/10/2050 17:00,40028762.2761
23/10/2050 18:00,40028762.2761
23/10/2050 19:00,40028762.2761
23/10/2050 20:00,40028762.2761
23/10/2050 21:00,40028762.2761
23/10/2050 22:00,40028762.2761
23/10/2050 23:00,40028762.2761
24/10/2050 00:00,48840531.53850001
24/10/2050 01:00,48840531.53850001
24/10/2050 02:00,48840531.53850001
24/10/2050 03:00,48840531.53850001
24/10/2050 04:00,48840531.53850001
24/10/2050 05:00,48840531.53850001
24/10/2050 06:00,48840531.53850001
24/10/2050 07:00,48840531.53850001
24/10/2050 08:00,48840531.53850001
24/10/2050 09:00,48840531.53850001
24/10/2050 10:00,48840531.53850001
24/10/2050 11:00,48840531.53850001
24/10/2050 12:00,48840531.53850001
24/10/2050 13:00,48840531.53850001
24/10/2050 14:00,48840531.53850001
24/10/2050 15:00,48840531.53850001
24/10/2050 16:00,48840531.53850001
24/10/2050 17:00,48840531.53850001
24/10/2050 18:00,48840531.53850001
24/10/2050 19:00,48840531.53850001
24/10/2050 20:00,48840531.53850001
24/10/2050 21:00,48840531.53850001
24/10/2050 22:00,48840531.53850001
24/10/2050 23:00,48840531.53850001
25/10/2050 00:00,56791171.733399995
25/10/2050 01:00,56791171.733399995
25/10/2050 02:00,56791171.733399995
25/10/2050 03:00,56791171.733399995
25/10/2050 04:00,56791171.733399995
25/10/2050 05:00,56791171.733399995
25/10/2050 06:00,56791171.733399995
25/10/2050 07:00,56791171.733399995
25/10/2050 08:00,56791171.733399995
25/10/2050 09:00,56791171.733399995
25/10/2050 10:00,56791171.733399995
25/10/2050 11:00,56791171.733399995
25/10/2050 12:00,56791171.733399995
25/10/2050 13:00,56791171.733399995
25/10/2050 14:00,56791171.733399995
25/10/2050 15:00,56791171.733399995
25/10/2050 16:00,56791171.733399995
25/10/2050 17:00,56791171.733399995
25/10/2050 18:00,56791171.733399995
25/10/2050 19:00,56791171.733399995
25/10/2050 20:00,56791171.733399995
25/10/2050 21:00,56791171.733399995
25/10/2050 22:00,56791171.733399995
25/10/2050 23:00,56791171.733399995
26/10/2050 00:00,37259990.43389999
26/10/2050 01:00,37259990.43389999
26/10/2050 02:00,37259990.43389999
26/10/2050 03:00,37259990.43389999
26/10/2050 04:00,37259990.43389999
26/10/2050 05:00,37259990.43389999
26/10/2050 06:00,37259990.43389999
26/10/2050 07:00,37259990.43389999
26/10/2050 08:00,37259990.43389999
26/10/2050 09:00,37259990.43389999
26/10/2050 10:00,37259990.43389999
26/10/2050 11:00,37259990.43389999
26/10/2050 12:00,37259990.43389999
26/10/2050 13:00,37259990.43389999
26/10/2050 14:00,37259990.43389999
26/10/2050 15:00,37259990.43389999
26/10/2050 16:00,37259990.43389999
26/10/2050 17:00,37259990.43389999
26/10/2050 18:00,37259990.43389999
26/10/2050 19:00,37259990.43389999
26/10/2050 20:00,37259990.43389999
26/10/2050 21:00,37259990.43389999
26/10/2050 22:00,37259990.43389999
26/10/2050 23:00,37259990.43389999
27/10/2050 00:00,35637584.5683
27/10/2050 01:00,35637584.5683
27/10/2050 02:00,35637584.5683
27/10/2050 03:00,35637584.5683
27/10/2050 04:00,35637584.5683
27/10/2050 05:00,35637584.5683
27/10/2050 06:00,35637584.5683
27/10/2050 07:00,35637584.5683
27/10/2050 08:00,35637584.5683
27/10/2050 09:00,35637584.5683
27/10/2050 10:00,35637584.5683
27/10/2050 11:00,35637584.5683
27/10/2050 12:00,35637584.5683
27/10/2050 13:00,35637584.5683
27/10/2050 14:00,35637584.5683
27/10/2050 15:00,35637584.5683
27/10/2050 16:00,35637584.5683
27/10/2050 17:00,35637584.5683
27/10/2050 18:00,35637584.5683
27/10/2050 19:00,35637584.5683
27/10/2050 20:00,35637584.5683
27/10/2050 21:00,35637584.5683
27/10/2050 22:00,35637584.5683
27/10/2050 23:00,35637584.5683
28/10/2050 00:00,44754716.0034
28/10/2050 01:00,44754716.0034
28/10/2050 02:00,44754716.0034
28/10/2050 03:00,44754716.0034
28/10/2050 04:00,44754716.0034
28/10/2050 05:00,44754716.0034
28/10/2050 06:00,44754716.0034
28/10/2050 07:00,44754716.0034
28/10/2050 08:00,44754716.0034
28/10/2050 09:00,44754716.0034
28/10/2050 10:00,44754716.0034
28/10/2050 11:00,44754716.0034
28/10/2050 12:00,44754716.0034
28/10/2050 13:00,44754716.0034
28/10/2050 14:00,44754716.0034
28/10/2050 15:00,44754716.0034
28/10/2050 16:00,44754716.0034
28/10/2050 17:00,44754716.0034
28/10/2050 18:00,44754716.0034
28/10/2050 19:00,44754716.0034
28/10/2050 20:00,44754716.0034
28/10/2050 21:00,44754716.0034
28/10/2050 22:00,44754716.0034
28/10/2050 23:00,44754716.0034
29/10/2050 00:00,37088925.6933
29/10/2050 01:00,37088925.6933
29/10/2050 02:00,37088925.6933
29/10/2050 03:00,37088925.6933
29/10/2050 04:00,37088925.6933
29/10/2050 05:00,37088925.6933
29/10/2050 06:00,37088925.6933
29/10/2050 07:00,37088925.6933
29/10/2050 08:00,37088925.6933
29/10/2050 09:00,37088925.6933
29/10/2050 10:00,37088925.6933
29/10/2050 11:00,37088925.6933
29/10/2050 12:00,37088925.6933
29/10/2050 13:00,37088925.6933
29/10/2050 14:00,37088925.6933
29/10/2050 15:00,37088925.6933
29/10/2050 16:00,37088925.6933
29/10/2050 17:00,37088925.6933
29/10/2050 18:00,37088925.6933
29/10/2050 19:00,37088925.6933
29/10/2050 20:00,37088925.6933
29/10/2050 21:00,37088925.6933
29/10/2050 22:00,37088925.6933
29/10/2050 23:00,37088925.6933
30/10/2050 00:00,50486158.86210003
30/10/2050 01:00,50486158.86210003
30/10/2050 02:00,50486158.86210003
30/10/2050 03:00,50486158.86210003
30/10/2050 04:00,50486158.86210003
30/10/2050 05:00,50486158.86210003
30/10/2050 06:00,50486158.86210003
30/10/2050 07:00,50486158.86210003
30/10/2050 08:00,50486158.86210003
30/10/2050 09:00,50486158.86210003
30/10/2050 10:00,50486158.86210003
30/10/2050 11:00,50486158.86210003
30/10/2050 12:00,50486158.86210003
30/10/2050 13:00,50486158.86210003
30/10/2050 14:00,50486158.86210003
30/10/2050 15:00,50486158.86210003
30/10/2050 16:00,50486158.86210003
30/10/2050 17:00,50486158.86210003
30/10/2050 18:00,50486158.86210003
30/10/2050 19:00,50486158.86210003
30/10/2050 20:00,50486158.86210003
30/10/2050 21:00,50486158.86210003
30/10/2050 22:00,50486158.86210003
30/10/2050 23:00,50486158.86210003
31/10/2050 00:00,50309288.75700002
31/10/2050 01:00,50309288.75700002
31/10/2050 02:00,50309288.75700002
31/10/2050 03:00,50309288.75700002
31/10/2050 04:00,50309288.75700002
31/10/2050 05:00,50309288.75700002
31/10/2050 06:00,50309288.75700002
31/10/2050 07:00,50309288.75700002
31/10/2050 08:00,50309288.75700002
31/10/2050 09:00,50309288.75700002
31/10/2050 10:00,50309288.75700002
31/10/2050 11:00,50309288.75700002
31/10/2050 12:00,50309288.75700002
31/10/2050 13:00,50309288.75700002
31/10/2050 14:00,50309288.75700002
31/10/2050 15:00,50309288.75700002
31/10/2050 16:00,50309288.75700002
31/10/2050 17:00,50309288.75700002
31/10/2050 18:00,50309288.75700002
31/10/2050 19:00,50309288.75700002
31/10/2050 20:00,50309288.75700002
31/10/2050 21:00,50309288.75700002
31/10/2050 22:00,50309288.75700002
31/10/2050 23:00,50309288.75700002
01/11/2050 00:00,69218522.00640002
01/11/2050 01:00,69218522.00640002
01/11/2050 02:00,69218522.00640002
01/11/2050 03:00,69218522.00640002
01/11/2050 04:00,69218522.00640002
01/11/2050 05:00,69218522.00640002
01/11/2050 06:00,69218522.00640002
01/11/2050 07:00,69218522.00640002
01/11/2050 08:00,69218522.00640002
01/11/2050 09:00,69218522.00640002
01/11/2050 10:00,69218522.00640002
01/11/2050 11:00,69218522.00640002
01/11/2050 12:00,69218522.00640002
01/11/2050 13:00,69218522.00640002
01/11/2050 14:00,69218522.00640002
01/11/2050 15:00,69218522.00640002
01/11/2050 16:00,69218522.00640002
01/11/2050 17:00,69218522.00640002
01/11/2050 18:00,69218522.00640002
01/11/2050 19:00,69218522.00640002
01/11/2050 20:00,69218522.00640002
01/11/2050 21:00,69218522.00640002
01/11/2050 22:00,69218522.00640002
01/11/2050 23:00,69218522.00640002
02/11/2050 00:00,82052247.7944
02/11/2050 01:00,82052247.7944
02/11/2050 02:00,82052247.7944
02/11/2050 03:00,82052247.7944
02/11/2050 04:00,82052247.7944
02/11/2050 05:00,82052247.7944
02/11/2050 06:00,82052247.7944
02/11/2050 07:00,82052247.7944
02/11/2050 08:00,82052247.7944
02/11/2050 09:00,82052247.7944
02/11/2050 10:00,82052247.7944
02/11/2050 11:00,82052247.7944
02/11/2050 12:00,82052247.7944
02/11/2050 13:00,82052247.7944
02/11/2050 14:00,82052247.7944
02/11/2050 15:00,82052247.7944
02/11/2050 16:00,82052247.7944
02/11/2050 17:00,82052247.7944
02/11/2050 18:00,82052247.7944
02/11/2050 19:00,82052247.7944
02/11/2050 20:00,82052247.7944
02/11/2050 21:00,82052247.7944
02/11/2050 22:00,82052247.7944
02/11/2050 23:00,82052247.7944
03/11/2050 00:00,90915104.2644
03/11/2050 01:00,90915104.2644
03/11/2050 02:00,90915104.2644
03/11/2050 03:00,90915104.2644
03/11/2050 04:00,90915104.2644
03/11/2050 05:00,90915104.2644
03/11/2050 06:00,90915104.2644
03/11/2050 07:00,90915104.2644
03/11/2050 08:00,90915104.2644
03/11/2050 09:00,90915104.2644
03/11/2050 10:00,90915104.2644
03/11/2050 11:00,90915104.2644
03/11/2050 12:00,90915104.2644
03/11/2050 13:00,90915104.2644
03/11/2050 14:00,90915104.2644
03/11/2050 15:00,90915104.2644
03/11/2050 16:00,90915104.2644
03/11/2050 17:00,90915104.2644
03/11/2050 18:00,90915104.2644
03/11/2050 19:00,90915104.2644
03/11/2050 20:00,90915104.2644
03/11/2050 21:00,90915104.2644
03/11/2050 22:00,90915104.2644
03/11/2050 23:00,90915104.2644
04/11/2050 00:00,132775652.55240002
04/11/2050 01:00,132775652.55240002
04/11/2050 02:00,132775652.55240002
04/11/2050 03:00,132775652.55240002
04/11/2050 04:00,132775652.55240002
04/11/2050 05:00,132775652.55240002
04/11/2050 06:00,132775652.55240002
04/11/2050 07:00,132775652.55240002
04/11/2050 08:00,132775652.55240002
04/11/2050 09:00,132775652.55240002
04/11/2050 10:00,132775652.55240002
04/11/2050 11:00,132775652.55240002
04/11/2050 12:00,132775652.55240002
04/11/2050 13:00,132775652.55240002
04/11/2050 14:00,132775652.55240002
04/11/2050 15:00,132775652.55240002
04/11/2050 16:00,132775652.55240002
04/11/2050 17:00,132775652.55240002
04/11/2050 18:00,132775652.55240002
04/11/2050 19:00,132775652.55240002
04/11/2050 20:00,132775652.55240002
04/11/2050 21:00,132775652.55240002
04/11/2050 22:00,132775652.55240002
04/11/2050 23:00,132775652.55240002
05/11/2050 00:00,130424092.9056
05/11/2050 01:00,130424092.9056
05/11/2050 02:00,130424092.9056
05/11/2050 03:00,130424092.9056
05/11/2050 04:00,130424092.9056
05/11/2050 05:00,130424092.9056
05/11/2050 06:00,130424092.9056
05/11/2050 07:00,130424092.9056
05/11/2050 08:00,130424092.9056
05/11/2050 09:00,130424092.9056
05/11/2050 10:00,130424092.9056
05/11/2050 11:00,130424092.9056
05/11/2050 12:00,130424092.9056
05/11/2050 13:00,130424092.9056
05/11/2050 14:00,130424092.9056
05/11/2050 15:00,130424092.9056
05/11/2050 16:00,130424092.9056
05/11/2050 17:00,130424092.9056
05/11/2050 18:00,130424092.9056
05/11/2050 19:00,130424092.9056
05/11/2050 20:00,130424092.9056
05/11/2050 21:00,130424092.9056
05/11/2050 22:00,130424092.9056
05/11/2050 23:00,130424092.9056
06/11/2050 00:00,75200369.58720003
06/11/2050 01:00,75200369.58720003
06/11/2050 02:00,75200369.58720003
06/11/2050 03:00,75200369.58720003
06/11/2050 04:00,75200369.58720003
06/11/2050 05:00,75200369.58720003
06/11/2050 06:00,75200369.58720003
06/11/2050 07:00,75200369.58720003
06/11/2050 08:00,75200369.58720003
06/11/2050 09:00,75200369.58720003
06/11/2050 10:00,75200369.58720003
06/11/2050 11:00,75200369.58720003
06/11/2050 12:00,75200369.58720003
06/11/2050 13:00,75200369.58720003
06/11/2050 14:00,75200369.58720003
06/11/2050 15:00,75200369.58720003
06/11/2050 16:00,75200369.58720003
06/11/2050 17:00,75200369.58720003
06/11/2050 18:00,75200369.58720003
06/11/2050 19:00,75200369.58720003
06/11/2050 20:00,75200369.58720003
06/11/2050 21:00,75200369.58720003
06/11/2050 22:00,75200369.58720003
06/11/2050 23:00,75200369.58720003
07/11/2050 00:00,59205042.29250002
07/11/2050 01:00,59205042.29250002
07/11/2050 02:00,59205042.29250002
07/11/2050 03:00,59205042.29250002
07/11/2050 04:00,59205042.29250002
07/11/2050 05:00,59205042.29250002
07/11/2050 06:00,59205042.29250002
07/11/2050 07:00,59205042.29250002
07/11/2050 08:00,59205042.29250002
07/11/2050 09:00,59205042.29250002
07/11/2050 10:00,59205042.29250002
07/11/2050 11:00,59205042.29250002
07/11/2050 12:00,59205042.29250002
07/11/2050 13:00,59205042.29250002
07/11/2050 14:00,59205042.29250002
07/11/2050 15:00,59205042.29250002
07/11/2050 16:00,59205042.29250002
07/11/2050 17:00,59205042.29250002
07/11/2050 18:00,59205042.29250002
07/11/2050 19:00,59205042.29250002
07/11/2050 20:00,59205042.29250002
07/11/2050 21:00,59205042.29250002
07/11/2050 22:00,59205042.29250002
07/11/2050 23:00,59205042.29250002
08/11/2050 00:00,54051426.71370001
08/11/2050 01:00,54051426.71370001
08/11/2050 02:00,54051426.71370001
08/11/2050 03:00,54051426.71370001
08/11/2050 04:00,54051426.71370001
08/11/2050 05:00,54051426.71370001
08/11/2050 06:00,54051426.71370001
08/11/2050 07:00,54051426.71370001
08/11/2050 08:00,54051426.71370001
08/11/2050 09:00,54051426.71370001
08/11/2050 10:00,54051426.71370001
08/11/2050 11:00,54051426.71370001
08/11/2050 12:00,54051426.71370001
08/11/2050 13:00,54051426.71370001
08/11/2050 14:00,54051426.71370001
08/11/2050 15:00,54051426.71370001
08/11/2050 16:00,54051426.71370001
08/11/2050 17:00,54051426.71370001
08/11/2050 18:00,54051426.71370001
08/11/2050 19:00,54051426.71370001
08/11/2050 20:00,54051426.71370001
08/11/2050 21:00,54051426.71370001
08/11/2050 22:00,54051426.71370001
08/11/2050 23:00,54051426.71370001
09/11/2050 00:00,95681695.54320003
09/11/2050 01:00,95681695.54320003
09/11/2050 02:00,95681695.54320003
09/11/2050 03:00,95681695.54320003
09/11/2050 04:00,95681695.54320003
09/11/2050 05:00,95681695.54320003
09/11/2050 06:00,95681695.54320003
09/11/2050 07:00,95681695.54320003
09/11/2050 08:00,95681695.54320003
09/11/2050 09:00,95681695.54320003
09/11/2050 10:00,95681695.54320003
09/11/2050 11:00,95681695.54320003
09/11/2050 12:00,95681695.54320003
09/11/2050 13:00,95681695.54320003
09/11/2050 14:00,95681695.54320003
09/11/2050 15:00,95681695.54320003
09/11/2050 16:00,95681695.54320003
09/11/2050 17:00,95681695.54320003
09/11/2050 18:00,95681695.54320003
09/11/2050 19:00,95681695.54320003
09/11/2050 20:00,95681695.54320003
09/11/2050 21:00,95681695.54320003
09/11/2050 22:00,95681695.54320003
09/11/2050 23:00,95681695.54320003
10/11/2050 00:00,76195409.06250001
10/11/2050 01:00,76195409.06250001
10/11/2050 02:00,76195409.06250001
10/11/2050 03:00,76195409.06250001
10/11/2050 04:00,76195409.06250001
10/11/2050 05:00,76195409.06250001
10/11/2050 06:00,76195409.06250001
10/11/2050 07:00,76195409.06250001
10/11/2050 08:00,76195409.06250001
10/11/2050 09:00,76195409.06250001
10/11/2050 10:00,76195409.06250001
10/11/2050 11:00,76195409.06250001
10/11/2050 12:00,76195409.06250001
10/11/2050 13:00,76195409.06250001
10/11/2050 14:00,76195409.06250001
10/11/2050 15:00,76195409.06250001
10/11/2050 16:00,76195409.06250001
10/11/2050 17:00,76195409.06250001
10/11/2050 18:00,76195409.06250001
10/11/2050 19:00,76195409.06250001
10/11/2050 20:00,76195409.06250001
10/11/2050 21:00,76195409.06250001
10/11/2050 22:00,76195409.06250001
10/11/2050 23:00,76195409.06250001
11/11/2050 00:00,68053191.83910002
11/11/2050 01:00,68053191.83910002
11/11/2050 02:00,68053191.83910002
11/11/2050 03:00,68053191.83910002
11/11/2050 04:00,68053191.83910002
11/11/2050 05:00,68053191.83910002
11/11/2050 06:00,68053191.83910002
11/11/2050 07:00,68053191.83910002
11/11/2050 08:00,68053191.83910002
11/11/2050 09:00,68053191.83910002
11/11/2050 10:00,68053191.83910002
11/11/2050 11:00,68053191.83910002
11/11/2050 12:00,68053191.83910002
11/11/2050 13:00,68053191.83910002
11/11/2050 14:00,68053191.83910002
11/11/2050 15:00,68053191.83910002
11/11/2050 16:00,68053191.83910002
11/11/2050 17:00,68053191.83910002
11/11/2050 18:00,68053191.83910002
11/11/2050 19:00,68053191.83910002
11/11/2050 20:00,68053191.83910002
11/11/2050 21:00,68053191.83910002
11/11/2050 22:00,68053191.83910002
11/11/2050 23:00,68053191.83910002
12/11/2050 00:00,87821619.03450003
12/11/2050 01:00,87821619.03450003
12/11/2050 02:00,87821619.03450003
12/11/2050 03:00,87821619.03450003
12/11/2050 04:00,87821619.03450003
12/11/2050 05:00,87821619.03450003
12/11/2050 06:00,87821619.03450003
12/11/2050 07:00,87821619.03450003
12/11/2050 08:00,87821619.03450003
12/11/2050 09:00,87821619.03450003
12/11/2050 10:00,87821619.03450003
12/11/2050 11:00,87821619.03450003
12/11/2050 12:00,87821619.03450003
12/11/2050 13:00,87821619.03450003
12/11/2050 14:00,87821619.03450003
12/11/2050 15:00,87821619.03450003
12/11/2050 16:00,87821619.03450003
12/11/2050 17:00,87821619.03450003
12/11/2050 18:00,87821619.03450003
12/11/2050 19:00,87821619.03450003
12/11/2050 20:00,87821619.03450003
12/11/2050 21:00,87821619.03450003
12/11/2050 22:00,87821619.03450003
12/11/2050 23:00,87821619.03450003
13/11/2050 00:00,97578114.61320002
13/11/2050 01:00,97578114.61320002
13/11/2050 02:00,97578114.61320002
13/11/2050 03:00,97578114.61320002
13/11/2050 04:00,97578114.61320002
13/11/2050 05:00,97578114.61320002
13/11/2050 06:00,97578114.61320002
13/11/2050 07:00,97578114.61320002
13/11/2050 08:00,97578114.61320002
13/11/2050 09:00,97578114.61320002
13/11/2050 10:00,97578114.61320002
13/11/2050 11:00,97578114.61320002
13/11/2050 12:00,97578114.61320002
13/11/2050 13:00,97578114.61320002
13/11/2050 14:00,97578114.61320002
13/11/2050 15:00,97578114.61320002
13/11/2050 16:00,97578114.61320002
13/11/2050 17:00,97578114.61320002
13/11/2050 18:00,97578114.61320002
13/11/2050 19:00,97578114.61320002
13/11/2050 20:00,97578114.61320002
13/11/2050 21:00,97578114.61320002
13/11/2050 22:00,97578114.61320002
13/11/2050 23:00,97578114.61320002
14/11/2050 00:00,110777191.3404
14/11/2050 01:00,110777191.3404
14/11/2050 02:00,110777191.3404
14/11/2050 03:00,110777191.3404
14/11/2050 04:00,110777191.3404
14/11/2050 05:00,110777191.3404
14/11/2050 06:00,110777191.3404
14/11/2050 07:00,110777191.3404
14/11/2050 08:00,110777191.3404
14/11/2050 09:00,110777191.3404
14/11/2050 10:00,110777191.3404
14/11/2050 11:00,110777191.3404
14/11/2050 12:00,110777191.3404
14/11/2050 13:00,110777191.3404
14/11/2050 14:00,110777191.3404
14/11/2050 15:00,110777191.3404
14/11/2050 16:00,110777191.3404
14/11/2050 17:00,110777191.3404
14/11/2050 18:00,110777191.3404
14/11/2050 19:00,110777191.3404
14/11/2050 20:00,110777191.3404
14/11/2050 21:00,110777191.3404
14/11/2050 22:00,110777191.3404
14/11/2050 23:00,110777191.3404
15/11/2050 00:00,105163790.89320002
15/11/2050 01:00,105163790.89320002
15/11/2050 02:00,105163790.89320002
15/11/2050 03:00,105163790.89320002
15/11/2050 04:00,105163790.89320002
15/11/2050 05:00,105163790.89320002
15/11/2050 06:00,105163790.89320002
15/11/2050 07:00,105163790.89320002
15/11/2050 08:00,105163790.89320002
15/11/2050 09:00,105163790.89320002
15/11/2050 10:00,105163790.89320002
15/11/2050 11:00,105163790.89320002
15/11/2050 12:00,105163790.89320002
15/11/2050 13:00,105163790.89320002
15/11/2050 14:00,105163790.89320002
15/11/2050 15:00,105163790.89320002
15/11/2050 16:00,105163790.89320002
15/11/2050 17:00,105163790.89320002
15/11/2050 18:00,105163790.89320002
15/11/2050 19:00,105163790.89320002
15/11/2050 20:00,105163790.89320002
15/11/2050 21:00,105163790.89320002
15/11/2050 22:00,105163790.89320002
15/11/2050 23:00,105163790.89320002
16/11/2050 00:00,116618162.07600003
16/11/2050 01:00,116618162.07600003
16/11/2050 02:00,116618162.07600003
16/11/2050 03:00,116618162.07600003
16/11/2050 04:00,116618162.07600003
16/11/2050 05:00,116618162.07600003
16/11/2050 06:00,116618162.07600003
16/11/2050 07:00,116618162.07600003
16/11/2050 08:00,116618162.07600003
16/11/2050 09:00,116618162.07600003
16/11/2050 10:00,116618162.07600003
16/11/2050 11:00,116618162.07600003
16/11/2050 12:00,116618162.07600003
16/11/2050 13:00,116618162.07600003
16/11/2050 14:00,116618162.07600003
16/11/2050 15:00,116618162.07600003
16/11/2050 16:00,116618162.07600003
16/11/2050 17:00,116618162.07600003
16/11/2050 18:00,116618162.07600003
16/11/2050 19:00,116618162.07600003
16/11/2050 20:00,116618162.07600003
16/11/2050 21:00,116618162.07600003
16/11/2050 22:00,116618162.07600003
16/11/2050 23:00,116618162.07600003
17/11/2050 00:00,121852278.70920004
17/11/2050 01:00,121852278.70920004
17/11/2050 02:00,121852278.70920004
17/11/2050 03:00,121852278.70920004
17/11/2050 04:00,121852278.70920004
17/11/2050 05:00,121852278.70920004
17/11/2050 06:00,121852278.70920004
17/11/2050 07:00,121852278.70920004
17/11/2050 08:00,121852278.70920004
17/11/2050 09:00,121852278.70920004
17/11/2050 10:00,121852278.70920004
17/11/2050 11:00,121852278.70920004
17/11/2050 12:00,121852278.70920004
17/11/2050 13:00,121852278.70920004
17/11/2050 14:00,121852278.70920004
17/11/2050 15:00,121852278.70920004
17/11/2050 16:00,121852278.70920004
17/11/2050 17:00,121852278.70920004
17/11/2050 18:00,121852278.70920004
17/11/2050 19:00,121852278.70920004
17/11/2050 20:00,121852278.70920004
17/11/2050 21:00,121852278.70920004
17/11/2050 22:00,121852278.70920004
17/11/2050 23:00,121852278.70920004
18/11/2050 00:00,135734066.30159998
18/11/2050 01:00,135734066.30159998
18/11/2050 02:00,135734066.30159998
18/11/2050 03:00,135734066.30159998
18/11/2050 04:00,135734066.30159998
18/11/2050 05:00,135734066.30159998
18/11/2050 06:00,135734066.30159998
18/11/2050 07:00,135734066.30159998
18/11/2050 08:00,135734066.30159998
18/11/2050 09:00,135734066.30159998
18/11/2050 10:00,135734066.30159998
18/11/2050 11:00,135734066.30159998
18/11/2050 12:00,135734066.30159998
18/11/2050 13:00,135734066.30159998
18/11/2050 14:00,135734066.30159998
18/11/2050 15:00,135734066.30159998
18/11/2050 16:00,135734066.30159998
18/11/2050 17:00,135734066.30159998
18/11/2050 18:00,135734066.30159998
18/11/2050 19:00,135734066.30159998
18/11/2050 20:00,135734066.30159998
18/11/2050 21:00,135734066.30159998
18/11/2050 22:00,135734066.30159998
18/11/2050 23:00,135734066.30159998
19/11/2050 00:00,141726750.5628
19/11/2050 01:00,141726750.5628
19/11/2050 02:00,141726750.5628
19/11/2050 03:00,141726750.5628
19/11/2050 04:00,141726750.5628
19/11/2050 05:00,141726750.5628
19/11/2050 06:00,141726750.5628
19/11/2050 07:00,141726750.5628
19/11/2050 08:00,141726750.5628
19/11/2050 09:00,141726750.5628
19/11/2050 10:00,141726750.5628
19/11/2050 11:00,141726750.5628
19/11/2050 12:00,141726750.5628
19/11/2050 13:00,141726750.5628
19/11/2050 14:00,141726750.5628
19/11/2050 15:00,141726750.5628
19/11/2050 16:00,141726750.5628
19/11/2050 17:00,141726750.5628
19/11/2050 18:00,141726750.5628
19/11/2050 19:00,141726750.5628
19/11/2050 20:00,141726750.5628
19/11/2050 21:00,141726750.5628
19/11/2050 22:00,141726750.5628
19/11/2050 23:00,141726750.5628
20/11/2050 00:00,161070225.07680002
20/11/2050 01:00,161070225.07680002
20/11/2050 02:00,161070225.07680002
20/11/2050 03:00,161070225.07680002
20/11/2050 04:00,161070225.07680002
20/11/2050 05:00,161070225.07680002
20/11/2050 06:00,161070225.07680002
20/11/2050 07:00,161070225.07680002
20/11/2050 08:00,161070225.07680002
20/11/2050 09:00,161070225.07680002
20/11/2050 10:00,161070225.07680002
20/11/2050 11:00,161070225.07680002
20/11/2050 12:00,161070225.07680002
20/11/2050 13:00,161070225.07680002
20/11/2050 14:00,161070225.07680002
20/11/2050 15:00,161070225.07680002
20/11/2050 16:00,161070225.07680002
20/11/2050 17:00,161070225.07680002
20/11/2050 18:00,161070225.07680002
20/11/2050 19:00,161070225.07680002
20/11/2050 20:00,161070225.07680002
20/11/2050 21:00,161070225.07680002
20/11/2050 22:00,161070225.07680002
20/11/2050 23:00,161070225.07680002
21/11/2050 00:00,179351704.9116
21/11/2050 01:00,179351704.9116
21/11/2050 02:00,179351704.9116
21/11/2050 03:00,179351704.9116
21/11/2050 04:00,179351704.9116
21/11/2050 05:00,179351704.9116
21/11/2050 06:00,179351704.9116
21/11/2050 07:00,179351704.9116
21/11/2050 08:00,179351704.9116
21/11/2050 09:00,179351704.9116
21/11/2050 10:00,179351704.9116
21/11/2050 11:00,179351704.9116
21/11/2050 12:00,179351704.9116
21/11/2050 13:00,179351704.9116
21/11/2050 14:00,179351704.9116
21/11/2050 15:00,179351704.9116
21/11/2050 16:00,179351704.9116
21/11/2050 17:00,179351704.9116
21/11/2050 18:00,179351704.9116
21/11/2050 19:00,179351704.9116
21/11/2050 20:00,179351704.9116
21/11/2050 21:00,179351704.9116
21/11/2050 22:00,179351704.9116
21/11/2050 23:00,179351704.9116
22/11/2050 00:00,185192675.64720002
22/11/2050 01:00,185192675.64720002
22/11/2050 02:00,185192675.64720002
22/11/2050 03:00,185192675.64720002
22/11/2050 04:00,185192675.64720002
22/11/2050 05:00,185192675.64720002
22/11/2050 06:00,185192675.64720002
22/11/2050 07:00,185192675.64720002
22/11/2050 08:00,185192675.64720002
22/11/2050 09:00,185192675.64720002
22/11/2050 10:00,185192675.64720002
22/11/2050 11:00,185192675.64720002
22/11/2050 12:00,185192675.64720002
22/11/2050 13:00,185192675.64720002
22/11/2050 14:00,185192675.64720002
22/11/2050 15:00,185192675.64720002
22/11/2050 16:00,185192675.64720002
22/11/2050 17:00,185192675.64720002
22/11/2050 18:00,185192675.64720002
22/11/2050 19:00,185192675.64720002
22/11/2050 20:00,185192675.64720002
22/11/2050 21:00,185192675.64720002
22/11/2050 22:00,185192675.64720002
22/11/2050 23:00,185192675.64720002
23/11/2050 00:00,151663986.48960006
23/11/2050 01:00,151663986.48960006
23/11/2050 02:00,151663986.48960006
23/11/2050 03:00,151663986.48960006
23/11/2050 04:00,151663986.48960006
23/11/2050 05:00,151663986.48960006
23/11/2050 06:00,151663986.48960006
23/11/2050 07:00,151663986.48960006
23/11/2050 08:00,151663986.48960006
23/11/2050 09:00,151663986.48960006
23/11/2050 10:00,151663986.48960006
23/11/2050 11:00,151663986.48960006
23/11/2050 12:00,151663986.48960006
23/11/2050 13:00,151663986.48960006
23/11/2050 14:00,151663986.48960006
23/11/2050 15:00,151663986.48960006
23/11/2050 16:00,151663986.48960006
23/11/2050 17:00,151663986.48960006
23/11/2050 18:00,151663986.48960006
23/11/2050 19:00,151663986.48960006
23/11/2050 20:00,151663986.48960006
23/11/2050 21:00,151663986.48960006
23/11/2050 22:00,151663986.48960006
23/11/2050 23:00,151663986.48960006
24/11/2050 00:00,131561944.34760003
24/11/2050 01:00,131561944.34760003
24/11/2050 02:00,131561944.34760003
24/11/2050 03:00,131561944.34760003
24/11/2050 04:00,131561944.34760003
24/11/2050 05:00,131561944.34760003
24/11/2050 06:00,131561944.34760003
24/11/2050 07:00,131561944.34760003
24/11/2050 08:00,131561944.34760003
24/11/2050 09:00,131561944.34760003
24/11/2050 10:00,131561944.34760003
24/11/2050 11:00,131561944.34760003
24/11/2050 12:00,131561944.34760003
24/11/2050 13:00,131561944.34760003
24/11/2050 14:00,131561944.34760003
24/11/2050 15:00,131561944.34760003
24/11/2050 16:00,131561944.34760003
24/11/2050 17:00,131561944.34760003
24/11/2050 18:00,131561944.34760003
24/11/2050 19:00,131561944.34760003
24/11/2050 20:00,131561944.34760003
24/11/2050 21:00,131561944.34760003
24/11/2050 22:00,131561944.34760003
24/11/2050 23:00,131561944.34760003
25/11/2050 00:00,149615853.894
25/11/2050 01:00,149615853.894
25/11/2050 02:00,149615853.894
25/11/2050 03:00,149615853.894
25/11/2050 04:00,149615853.894
25/11/2050 05:00,149615853.894
25/11/2050 06:00,149615853.894
25/11/2050 07:00,149615853.894
25/11/2050 08:00,149615853.894
25/11/2050 09:00,149615853.894
25/11/2050 10:00,149615853.894
25/11/2050 11:00,149615853.894
25/11/2050 12:00,149615853.894
25/11/2050 13:00,149615853.894
25/11/2050 14:00,149615853.894
25/11/2050 15:00,149615853.894
25/11/2050 16:00,149615853.894
25/11/2050 17:00,149615853.894
25/11/2050 18:00,149615853.894
25/11/2050 19:00,149615853.894
25/11/2050 20:00,149615853.894
25/11/2050 21:00,149615853.894
25/11/2050 22:00,149615853.894
25/11/2050 23:00,149615853.894
26/11/2050 00:00,127541535.91920005
26/11/2050 01:00,127541535.91920005
26/11/2050 02:00,127541535.91920005
26/11/2050 03:00,127541535.91920005
26/11/2050 04:00,127541535.91920005
26/11/2050 05:00,127541535.91920005
26/11/2050 06:00,127541535.91920005
26/11/2050 07:00,127541535.91920005
26/11/2050 08:00,127541535.91920005
26/11/2050 09:00,127541535.91920005
26/11/2050 10:00,127541535.91920005
26/11/2050 11:00,127541535.91920005
26/11/2050 12:00,127541535.91920005
26/11/2050 13:00,127541535.91920005
26/11/2050 14:00,127541535.91920005
26/11/2050 15:00,127541535.91920005
26/11/2050 16:00,127541535.91920005
26/11/2050 17:00,127541535.91920005
26/11/2050 18:00,127541535.91920005
26/11/2050 19:00,127541535.91920005
26/11/2050 20:00,127541535.91920005
26/11/2050 21:00,127541535.91920005
26/11/2050 22:00,127541535.91920005
26/11/2050 23:00,127541535.91920005
27/11/2050 00:00,111839186.01960002
27/11/2050 01:00,111839186.01960002
27/11/2050 02:00,111839186.01960002
27/11/2050 03:00,111839186.01960002
27/11/2050 04:00,111839186.01960002
27/11/2050 05:00,111839186.01960002
27/11/2050 06:00,111839186.01960002
27/11/2050 07:00,111839186.01960002
27/11/2050 08:00,111839186.01960002
27/11/2050 09:00,111839186.01960002
27/11/2050 10:00,111839186.01960002
27/11/2050 11:00,111839186.01960002
27/11/2050 12:00,111839186.01960002
27/11/2050 13:00,111839186.01960002
27/11/2050 14:00,111839186.01960002
27/11/2050 15:00,111839186.01960002
27/11/2050 16:00,111839186.01960002
27/11/2050 17:00,111839186.01960002
27/11/2050 18:00,111839186.01960002
27/11/2050 19:00,111839186.01960002
27/11/2050 20:00,111839186.01960002
27/11/2050 21:00,111839186.01960002
27/11/2050 22:00,111839186.01960002
27/11/2050 23:00,111839186.01960002
28/11/2050 00:00,151815700.01520002
28/11/2050 01:00,151815700.01520002
28/11/2050 02:00,151815700.01520002
28/11/2050 03:00,151815700.01520002
28/11/2050 04:00,151815700.01520002
28/11/2050 05:00,151815700.01520002
28/11/2050 06:00,151815700.01520002
28/11/2050 07:00,151815700.01520002
28/11/2050 08:00,151815700.01520002
28/11/2050 09:00,151815700.01520002
28/11/2050 10:00,151815700.01520002
28/11/2050 11:00,151815700.01520002
28/11/2050 12:00,151815700.01520002
28/11/2050 13:00,151815700.01520002
28/11/2050 14:00,151815700.01520002
28/11/2050 15:00,151815700.01520002
28/11/2050 16:00,151815700.01520002
28/11/2050 17:00,151815700.01520002
28/11/2050 18:00,151815700.01520002
28/11/2050 19:00,151815700.01520002
28/11/2050 20:00,151815700.01520002
28/11/2050 21:00,151815700.01520002
28/11/2050 22:00,151815700.01520002
28/11/2050 23:00,151815700.01520002
29/11/2050 00:00,145216161.65160003
29/11/2050 01:00,145216161.65160003
29/11/2050 02:00,145216161.65160003
29/11/2050 03:00,145216161.65160003
29/11/2050 04:00,145216161.65160003
29/11/2050 05:00,145216161.65160003
29/11/2050 06:00,145216161.65160003
29/11/2050 07:00,145216161.65160003
29/11/2050 08:00,145216161.65160003
29/11/2050 09:00,145216161.65160003
29/11/2050 10:00,145216161.65160003
29/11/2050 11:00,145216161.65160003
29/11/2050 12:00,145216161.65160003
29/11/2050 13:00,145216161.65160003
29/11/2050 14:00,145216161.65160003
29/11/2050 15:00,145216161.65160003
29/11/2050 16:00,145216161.65160003
29/11/2050 17:00,145216161.65160003
29/11/2050 18:00,145216161.65160003
29/11/2050 19:00,145216161.65160003
29/11/2050 20:00,145216161.65160003
29/11/2050 21:00,145216161.65160003
29/11/2050 22:00,145216161.65160003
29/11/2050 23:00,145216161.65160003
30/11/2050 00:00,169338612.222
30/11/2050 01:00,169338612.222
30/11/2050 02:00,169338612.222
30/11/2050 03:00,169338612.222
30/11/2050 04:00,169338612.222
30/11/2050 05:00,169338612.222
30/11/2050 06:00,169338612.222
30/11/2050 07:00,169338612.222
30/11/2050 08:00,169338612.222
30/11/2050 09:00,169338612.222
30/11/2050 10:00,169338612.222
30/11/2050 11:00,169338612.222
30/11/2050 12:00,169338612.222
30/11/2050 13:00,169338612.222
30/11/2050 14:00,169338612.222
30/11/2050 15:00,169338612.222
30/11/2050 16:00,169338612.222
30/11/2050 17:00,169338612.222
30/11/2050 18:00,169338612.222
30/11/2050 19:00,169338612.222
30/11/2050 20:00,169338612.222
30/11/2050 21:00,169338612.222
30/11/2050 22:00,169338612.222
30/11/2050 23:00,169338612.222
01/12/2050 00:00,159477233.05800006
01/12/2050 01:00,159477233.05800006
01/12/2050 02:00,159477233.05800006
01/12/2050 03:00,159477233.05800006
01/12/2050 04:00,159477233.05800006
01/12/2050 05:00,159477233.05800006
01/12/2050 06:00,159477233.05800006
01/12/2050 07:00,159477233.05800006
01/12/2050 08:00,159477233.05800006
01/12/2050 09:00,159477233.05800006
01/12/2050 10:00,159477233.05800006
01/12/2050 11:00,159477233.05800006
01/12/2050 12:00,159477233.05800006
01/12/2050 13:00,159477233.05800006
01/12/2050 14:00,159477233.05800006
01/12/2050 15:00,159477233.05800006
01/12/2050 16:00,159477233.05800006
01/12/2050 17:00,159477233.05800006
01/12/2050 18:00,159477233.05800006
01/12/2050 19:00,159477233.05800006
01/12/2050 20:00,159477233.05800006
01/12/2050 21:00,159477233.05800006
01/12/2050 22:00,159477233.05800006
01/12/2050 23:00,159477233.05800006
02/12/2050 00:00,166304341.71
02/12/2050 01:00,166304341.71
02/12/2050 02:00,166304341.71
02/12/2050 03:00,166304341.71
02/12/2050 04:00,166304341.71
02/12/2050 05:00,166304341.71
02/12/2050 06:00,166304341.71
02/12/2050 07:00,166304341.71
02/12/2050 08:00,166304341.71
02/12/2050 09:00,166304341.71
02/12/2050 10:00,166304341.71
02/12/2050 11:00,166304341.71
02/12/2050 12:00,166304341.71
02/12/2050 13:00,166304341.71
02/12/2050 14:00,166304341.71
02/12/2050 15:00,166304341.71
02/12/2050 16:00,166304341.71
02/12/2050 17:00,166304341.71
02/12/2050 18:00,166304341.71
02/12/2050 19:00,166304341.71
02/12/2050 20:00,166304341.71
02/12/2050 21:00,166304341.71
02/12/2050 22:00,166304341.71
02/12/2050 23:00,166304341.71
03/12/2050 00:00,200743312.0212
03/12/2050 01:00,200743312.0212
03/12/2050 02:00,200743312.0212
03/12/2050 03:00,200743312.0212
03/12/2050 04:00,200743312.0212
03/12/2050 05:00,200743312.0212
03/12/2050 06:00,200743312.0212
03/12/2050 07:00,200743312.0212
03/12/2050 08:00,200743312.0212
03/12/2050 09:00,200743312.0212
03/12/2050 10:00,200743312.0212
03/12/2050 11:00,200743312.0212
03/12/2050 12:00,200743312.0212
03/12/2050 13:00,200743312.0212
03/12/2050 14:00,200743312.0212
03/12/2050 15:00,200743312.0212
03/12/2050 16:00,200743312.0212
03/12/2050 17:00,200743312.0212
03/12/2050 18:00,200743312.0212
03/12/2050 19:00,200743312.0212
03/12/2050 20:00,200743312.0212
03/12/2050 21:00,200743312.0212
03/12/2050 22:00,200743312.0212
03/12/2050 23:00,200743312.0212
04/12/2050 00:00,214776813.13919997
04/12/2050 01:00,214776813.13919997
04/12/2050 02:00,214776813.13919997
04/12/2050 03:00,214776813.13919997
04/12/2050 04:00,214776813.13919997
04/12/2050 05:00,214776813.13919997
04/12/2050 06:00,214776813.13919997
04/12/2050 07:00,214776813.13919997
04/12/2050 08:00,214776813.13919997
04/12/2050 09:00,214776813.13919997
04/12/2050 10:00,214776813.13919997
04/12/2050 11:00,214776813.13919997
04/12/2050 12:00,214776813.13919997
04/12/2050 13:00,214776813.13919997
04/12/2050 14:00,214776813.13919997
04/12/2050 15:00,214776813.13919997
04/12/2050 16:00,214776813.13919997
04/12/2050 17:00,214776813.13919997
04/12/2050 18:00,214776813.13919997
04/12/2050 19:00,214776813.13919997
04/12/2050 20:00,214776813.13919997
04/12/2050 21:00,214776813.13919997
04/12/2050 22:00,214776813.13919997
04/12/2050 23:00,214776813.13919997
05/12/2050 00:00,173586590.9388
05/12/2050 01:00,173586590.9388
05/12/2050 02:00,173586590.9388
05/12/2050 03:00,173586590.9388
05/12/2050 04:00,173586590.9388
05/12/2050 05:00,173586590.9388
05/12/2050 06:00,173586590.9388
05/12/2050 07:00,173586590.9388
05/12/2050 08:00,173586590.9388
05/12/2050 09:00,173586590.9388
05/12/2050 10:00,173586590.9388
05/12/2050 11:00,173586590.9388
05/12/2050 12:00,173586590.9388
05/12/2050 13:00,173586590.9388
05/12/2050 14:00,173586590.9388
05/12/2050 15:00,173586590.9388
05/12/2050 16:00,173586590.9388
05/12/2050 17:00,173586590.9388
05/12/2050 18:00,173586590.9388
05/12/2050 19:00,173586590.9388
05/12/2050 20:00,173586590.9388
05/12/2050 21:00,173586590.9388
05/12/2050 22:00,173586590.9388
05/12/2050 23:00,173586590.9388
06/12/2050 00:00,185040962.12160006
06/12/2050 01:00,185040962.12160006
06/12/2050 02:00,185040962.12160006
06/12/2050 03:00,185040962.12160006
06/12/2050 04:00,185040962.12160006
06/12/2050 05:00,185040962.12160006
06/12/2050 06:00,185040962.12160006
06/12/2050 07:00,185040962.12160006
06/12/2050 08:00,185040962.12160006
06/12/2050 09:00,185040962.12160006
06/12/2050 10:00,185040962.12160006
06/12/2050 11:00,185040962.12160006
06/12/2050 12:00,185040962.12160006
06/12/2050 13:00,185040962.12160006
06/12/2050 14:00,185040962.12160006
06/12/2050 15:00,185040962.12160006
06/12/2050 16:00,185040962.12160006
06/12/2050 17:00,185040962.12160006
06/12/2050 18:00,185040962.12160006
06/12/2050 19:00,185040962.12160006
06/12/2050 20:00,185040962.12160006
06/12/2050 21:00,185040962.12160006
06/12/2050 22:00,185040962.12160006
06/12/2050 23:00,185040962.12160006
07/12/2050 00:00,237230414.928
07/12/2050 01:00,237230414.928
07/12/2050 02:00,237230414.928
07/12/2050 03:00,237230414.928
07/12/2050 04:00,237230414.928
07/12/2050 05:00,237230414.928
07/12/2050 06:00,237230414.928
07/12/2050 07:00,237230414.928
07/12/2050 08:00,237230414.928
07/12/2050 09:00,237230414.928
07/12/2050 10:00,237230414.928
07/12/2050 11:00,237230414.928
07/12/2050 12:00,237230414.928
07/12/2050 13:00,237230414.928
07/12/2050 14:00,237230414.928
07/12/2050 15:00,237230414.928
07/12/2050 16:00,237230414.928
07/12/2050 17:00,237230414.928
07/12/2050 18:00,237230414.928
07/12/2050 19:00,237230414.928
07/12/2050 20:00,237230414.928
07/12/2050 21:00,237230414.928
07/12/2050 22:00,237230414.928
07/12/2050 23:00,237230414.928
08/12/2050 00:00,286840737.7992
08/12/2050 01:00,286840737.7992
08/12/2050 02:00,286840737.7992
08/12/2050 03:00,286840737.7992
08/12/2050 04:00,286840737.7992
08/12/2050 05:00,286840737.7992
08/12/2050 06:00,286840737.7992
08/12/2050 07:00,286840737.7992
08/12/2050 08:00,286840737.7992
08/12/2050 09:00,286840737.7992
08/12/2050 10:00,286840737.7992
08/12/2050 11:00,286840737.7992
08/12/2050 12:00,286840737.7992
08/12/2050 13:00,286840737.7992
08/12/2050 14:00,286840737.7992
08/12/2050 15:00,286840737.7992
08/12/2050 16:00,286840737.7992
08/12/2050 17:00,286840737.7992
08/12/2050 18:00,286840737.7992
08/12/2050 19:00,286840737.7992
08/12/2050 20:00,286840737.7992
08/12/2050 21:00,286840737.7992
08/12/2050 22:00,286840737.7992
08/12/2050 23:00,286840737.7992
09/12/2050 00:00,278344780.36560005
09/12/2050 01:00,278344780.36560005
09/12/2050 02:00,278344780.36560005
09/12/2050 03:00,278344780.36560005
09/12/2050 04:00,278344780.36560005
09/12/2050 05:00,278344780.36560005
09/12/2050 06:00,278344780.36560005
09/12/2050 07:00,278344780.36560005
09/12/2050 08:00,278344780.36560005
09/12/2050 09:00,278344780.36560005
09/12/2050 10:00,278344780.36560005
09/12/2050 11:00,278344780.36560005
09/12/2050 12:00,278344780.36560005
09/12/2050 13:00,278344780.36560005
09/12/2050 14:00,278344780.36560005
09/12/2050 15:00,278344780.36560005
09/12/2050 16:00,278344780.36560005
09/12/2050 17:00,278344780.36560005
09/12/2050 18:00,278344780.36560005
09/12/2050 19:00,278344780.36560005
09/12/2050 20:00,278344780.36560005
09/12/2050 21:00,278344780.36560005
09/12/2050 22:00,278344780.36560005
09/12/2050 23:00,278344780.36560005
10/12/2050 00:00,297688254.8796
10/12/2050 01:00,297688254.8796
10/12/2050 02:00,297688254.8796
10/12/2050 03:00,297688254.8796
10/12/2050 04:00,297688254.8796
10/12/2050 05:00,297688254.8796
10/12/2050 06:00,297688254.8796
10/12/2050 07:00,297688254.8796
10/12/2050 08:00,297688254.8796
10/12/2050 09:00,297688254.8796
10/12/2050 10:00,297688254.8796
10/12/2050 11:00,297688254.8796
10/12/2050 12:00,297688254.8796
10/12/2050 13:00,297688254.8796
10/12/2050 14:00,297688254.8796
10/12/2050 15:00,297688254.8796
10/12/2050 16:00,297688254.8796
10/12/2050 17:00,297688254.8796
10/12/2050 18:00,297688254.8796
10/12/2050 19:00,297688254.8796
10/12/2050 20:00,297688254.8796
10/12/2050 21:00,297688254.8796
10/12/2050 22:00,297688254.8796
10/12/2050 23:00,297688254.8796
11/12/2050 00:00,286992451.3248
11/12/2050 01:00,286992451.3248
11/12/2050 02:00,286992451.3248
11/12/2050 03:00,286992451.3248
11/12/2050 04:00,286992451.3248
11/12/2050 05:00,286992451.3248
11/12/2050 06:00,286992451.3248
11/12/2050 07:00,286992451.3248
11/12/2050 08:00,286992451.3248
11/12/2050 09:00,286992451.3248
11/12/2050 10:00,286992451.3248
11/12/2050 11:00,286992451.3248
11/12/2050 12:00,286992451.3248
11/12/2050 13:00,286992451.3248
11/12/2050 14:00,286992451.3248
11/12/2050 15:00,286992451.3248
11/12/2050 16:00,286992451.3248
11/12/2050 17:00,286992451.3248
11/12/2050 18:00,286992451.3248
11/12/2050 19:00,286992451.3248
11/12/2050 20:00,286992451.3248
11/12/2050 21:00,286992451.3248
11/12/2050 22:00,286992451.3248
11/12/2050 23:00,286992451.3248
12/12/2050 00:00,282061761.74279994
12/12/2050 01:00,282061761.74279994
12/12/2050 02:00,282061761.74279994
12/12/2050 03:00,282061761.74279994
12/12/2050 04:00,282061761.74279994
12/12/2050 05:00,282061761.74279994
12/12/2050 06:00,282061761.74279994
12/12/2050 07:00,282061761.74279994
12/12/2050 08:00,282061761.74279994
12/12/2050 09:00,282061761.74279994
12/12/2050 10:00,282061761.74279994
12/12/2050 11:00,282061761.74279994
12/12/2050 12:00,282061761.74279994
12/12/2050 13:00,282061761.74279994
12/12/2050 14:00,282061761.74279994
12/12/2050 15:00,282061761.74279994
12/12/2050 16:00,282061761.74279994
12/12/2050 17:00,282061761.74279994
12/12/2050 18:00,282061761.74279994
12/12/2050 19:00,282061761.74279994
12/12/2050 20:00,282061761.74279994
12/12/2050 21:00,282061761.74279994
12/12/2050 22:00,282061761.74279994
12/12/2050 23:00,282061761.74279994
13/12/2050 00:00,278117210.0772
13/12/2050 01:00,278117210.0772
13/12/2050 02:00,278117210.0772
13/12/2050 03:00,278117210.0772
13/12/2050 04:00,278117210.0772
13/12/2050 05:00,278117210.0772
13/12/2050 06:00,278117210.0772
13/12/2050 07:00,278117210.0772
13/12/2050 08:00,278117210.0772
13/12/2050 09:00,278117210.0772
13/12/2050 10:00,278117210.0772
13/12/2050 11:00,278117210.0772
13/12/2050 12:00,278117210.0772
13/12/2050 13:00,278117210.0772
13/12/2050 14:00,278117210.0772
13/12/2050 15:00,278117210.0772
13/12/2050 16:00,278117210.0772
13/12/2050 17:00,278117210.0772
13/12/2050 18:00,278117210.0772
13/12/2050 19:00,278117210.0772
13/12/2050 20:00,278117210.0772
13/12/2050 21:00,278117210.0772
13/12/2050 22:00,278117210.0772
13/12/2050 23:00,278117210.0772
14/12/2050 00:00,256422175.91639996
14/12/2050 01:00,256422175.91639996
14/12/2050 02:00,256422175.91639996
14/12/2050 03:00,256422175.91639996
14/12/2050 04:00,256422175.91639996
14/12/2050 05:00,256422175.91639996
14/12/2050 06:00,256422175.91639996
14/12/2050 07:00,256422175.91639996
14/12/2050 08:00,256422175.91639996
14/12/2050 09:00,256422175.91639996
14/12/2050 10:00,256422175.91639996
14/12/2050 11:00,256422175.91639996
14/12/2050 12:00,256422175.91639996
14/12/2050 13:00,256422175.91639996
14/12/2050 14:00,256422175.91639996
14/12/2050 15:00,256422175.91639996
14/12/2050 16:00,256422175.91639996
14/12/2050 17:00,256422175.91639996
14/12/2050 18:00,256422175.91639996
14/12/2050 19:00,256422175.91639996
14/12/2050 20:00,256422175.91639996
14/12/2050 21:00,256422175.91639996
14/12/2050 22:00,256422175.91639996
14/12/2050 23:00,256422175.91639996
15/12/2050 00:00,279103347.99359995
15/12/2050 01:00,279103347.99359995
15/12/2050 02:00,279103347.99359995
15/12/2050 03:00,279103347.99359995
15/12/2050 04:00,279103347.99359995
15/12/2050 05:00,279103347.99359995
15/12/2050 06:00,279103347.99359995
15/12/2050 07:00,279103347.99359995
15/12/2050 08:00,279103347.99359995
15/12/2050 09:00,279103347.99359995
15/12/2050 10:00,279103347.99359995
15/12/2050 11:00,279103347.99359995
15/12/2050 12:00,279103347.99359995
15/12/2050 13:00,279103347.99359995
15/12/2050 14:00,279103347.99359995
15/12/2050 15:00,279103347.99359995
15/12/2050 16:00,279103347.99359995
15/12/2050 17:00,279103347.99359995
15/12/2050 18:00,279103347.99359995
15/12/2050 19:00,279103347.99359995
15/12/2050 20:00,279103347.99359995
15/12/2050 21:00,279103347.99359995
15/12/2050 22:00,279103347.99359995
15/12/2050 23:00,279103347.99359995
16/12/2050 00:00,273338234.0208
16/12/2050 01:00,273338234.0208
16/12/2050 02:00,273338234.0208
16/12/2050 03:00,273338234.0208
16/12/2050 04:00,273338234.0208
16/12/2050 05:00,273338234.0208
16/12/2050 06:00,273338234.0208
16/12/2050 07:00,273338234.0208
16/12/2050 08:00,273338234.0208
16/12/2050 09:00,273338234.0208
16/12/2050 10:00,273338234.0208
16/12/2050 11:00,273338234.0208
16/12/2050 12:00,273338234.0208
16/12/2050 13:00,273338234.0208
16/12/2050 14:00,273338234.0208
16/12/2050 15:00,273338234.0208
16/12/2050 16:00,273338234.0208
16/12/2050 17:00,273338234.0208
16/12/2050 18:00,273338234.0208
16/12/2050 19:00,273338234.0208
16/12/2050 20:00,273338234.0208
16/12/2050 21:00,273338234.0208
16/12/2050 22:00,273338234.0208
16/12/2050 23:00,273338234.0208
17/12/2050 00:00,290861146.22760004
17/12/2050 01:00,290861146.22760004
17/12/2050 02:00,290861146.22760004
17/12/2050 03:00,290861146.22760004
17/12/2050 04:00,290861146.22760004
17/12/2050 05:00,290861146.22760004
17/12/2050 06:00,290861146.22760004
17/12/2050 07:00,290861146.22760004
17/12/2050 08:00,290861146.22760004
17/12/2050 09:00,290861146.22760004
17/12/2050 10:00,290861146.22760004
17/12/2050 11:00,290861146.22760004
17/12/2050 12:00,290861146.22760004
17/12/2050 13:00,290861146.22760004
17/12/2050 14:00,290861146.22760004
17/12/2050 15:00,290861146.22760004
17/12/2050 16:00,290861146.22760004
17/12/2050 17:00,290861146.22760004
17/12/2050 18:00,290861146.22760004
17/12/2050 19:00,290861146.22760004
17/12/2050 20:00,290861146.22760004
17/12/2050 21:00,290861146.22760004
17/12/2050 22:00,290861146.22760004
17/12/2050 23:00,290861146.22760004
18/12/2050 00:00,271214244.6624
18/12/2050 01:00,271214244.6624
18/12/2050 02:00,271214244.6624
18/12/2050 03:00,271214244.6624
18/12/2050 04:00,271214244.6624
18/12/2050 05:00,271214244.6624
18/12/2050 06:00,271214244.6624
18/12/2050 07:00,271214244.6624
18/12/2050 08:00,271214244.6624
18/12/2050 09:00,271214244.6624
18/12/2050 10:00,271214244.6624
18/12/2050 11:00,271214244.6624
18/12/2050 12:00,271214244.6624
18/12/2050 13:00,271214244.6624
18/12/2050 14:00,271214244.6624
18/12/2050 15:00,271214244.6624
18/12/2050 16:00,271214244.6624
18/12/2050 17:00,271214244.6624
18/12/2050 18:00,271214244.6624
18/12/2050 19:00,271214244.6624
18/12/2050 20:00,271214244.6624
18/12/2050 21:00,271214244.6624
18/12/2050 22:00,271214244.6624
18/12/2050 23:00,271214244.6624
19/12/2050 00:00,99702103.97160004
19/12/2050 01:00,99702103.97160004
19/12/2050 02:00,99702103.97160004
19/12/2050 03:00,99702103.97160004
19/12/2050 04:00,99702103.97160004
19/12/2050 05:00,99702103.97160004
19/12/2050 06:00,99702103.97160004
19/12/2050 07:00,99702103.97160004
19/12/2050 08:00,99702103.97160004
19/12/2050 09:00,99702103.97160004
19/12/2050 10:00,99702103.97160004
19/12/2050 11:00,99702103.97160004
19/12/2050 12:00,99702103.97160004
19/12/2050 13:00,99702103.97160004
19/12/2050 14:00,99702103.97160004
19/12/2050 15:00,99702103.97160004
19/12/2050 16:00,99702103.97160004
19/12/2050 17:00,99702103.97160004
19/12/2050 18:00,99702103.97160004
19/12/2050 19:00,99702103.97160004
19/12/2050 20:00,99702103.97160004
19/12/2050 21:00,99702103.97160004
19/12/2050 22:00,99702103.97160004
19/12/2050 23:00,99702103.97160004
20/12/2050 00:00,120638570.50440003
20/12/2050 01:00,120638570.50440003
20/12/2050 02:00,120638570.50440003
20/12/2050 03:00,120638570.50440003
20/12/2050 04:00,120638570.50440003
20/12/2050 05:00,120638570.50440003
20/12/2050 06:00,120638570.50440003
20/12/2050 07:00,120638570.50440003
20/12/2050 08:00,120638570.50440003
20/12/2050 09:00,120638570.50440003
20/12/2050 10:00,120638570.50440003
20/12/2050 11:00,120638570.50440003
20/12/2050 12:00,120638570.50440003
20/12/2050 13:00,120638570.50440003
20/12/2050 14:00,120638570.50440003
20/12/2050 15:00,120638570.50440003
20/12/2050 16:00,120638570.50440003
20/12/2050 17:00,120638570.50440003
20/12/2050 18:00,120638570.50440003
20/12/2050 19:00,120638570.50440003
20/12/2050 20:00,120638570.50440003
20/12/2050 21:00,120638570.50440003
20/12/2050 22:00,120638570.50440003
20/12/2050 23:00,120638570.50440003
21/12/2050 00:00,157125673.41120002
21/12/2050 01:00,157125673.41120002
21/12/2050 02:00,157125673.41120002
21/12/2050 03:00,157125673.41120002
21/12/2050 04:00,157125673.41120002
21/12/2050 05:00,157125673.41120002
21/12/2050 06:00,157125673.41120002
21/12/2050 07:00,157125673.41120002
21/12/2050 08:00,157125673.41120002
21/12/2050 09:00,157125673.41120002
21/12/2050 10:00,157125673.41120002
21/12/2050 11:00,157125673.41120002
21/12/2050 12:00,157125673.41120002
21/12/2050 13:00,157125673.41120002
21/12/2050 14:00,157125673.41120002
21/12/2050 15:00,157125673.41120002
21/12/2050 16:00,157125673.41120002
21/12/2050 17:00,157125673.41120002
21/12/2050 18:00,157125673.41120002
21/12/2050 19:00,157125673.41120002
21/12/2050 20:00,157125673.41120002
21/12/2050 21:00,157125673.41120002
21/12/2050 22:00,157125673.41120002
21/12/2050 23:00,157125673.41120002
22/12/2050 00:00,150298564.75920004
22/12/2050 01:00,150298564.75920004
22/12/2050 02:00,150298564.75920004
22/12/2050 03:00,150298564.75920004
22/12/2050 04:00,150298564.75920004
22/12/2050 05:00,150298564.75920004
22/12/2050 06:00,150298564.75920004
22/12/2050 07:00,150298564.75920004
22/12/2050 08:00,150298564.75920004
22/12/2050 09:00,150298564.75920004
22/12/2050 10:00,150298564.75920004
22/12/2050 11:00,150298564.75920004
22/12/2050 12:00,150298564.75920004
22/12/2050 13:00,150298564.75920004
22/12/2050 14:00,150298564.75920004
22/12/2050 15:00,150298564.75920004
22/12/2050 16:00,150298564.75920004
22/12/2050 17:00,150298564.75920004
22/12/2050 18:00,150298564.75920004
22/12/2050 19:00,150298564.75920004
22/12/2050 20:00,150298564.75920004
22/12/2050 21:00,150298564.75920004
22/12/2050 22:00,150298564.75920004
22/12/2050 23:00,150298564.75920004
23/12/2050 00:00,122307419.28600001
23/12/2050 01:00,122307419.28600001
23/12/2050 02:00,122307419.28600001
23/12/2050 03:00,122307419.28600001
23/12/2050 04:00,122307419.28600001
23/12/2050 05:00,122307419.28600001
23/12/2050 06:00,122307419.28600001
23/12/2050 07:00,122307419.28600001
23/12/2050 08:00,122307419.28600001
23/12/2050 09:00,122307419.28600001
23/12/2050 10:00,122307419.28600001
23/12/2050 11:00,122307419.28600001
23/12/2050 12:00,122307419.28600001
23/12/2050 13:00,122307419.28600001
23/12/2050 14:00,122307419.28600001
23/12/2050 15:00,122307419.28600001
23/12/2050 16:00,122307419.28600001
23/12/2050 17:00,122307419.28600001
23/12/2050 18:00,122307419.28600001
23/12/2050 19:00,122307419.28600001
23/12/2050 20:00,122307419.28600001
23/12/2050 21:00,122307419.28600001
23/12/2050 22:00,122307419.28600001
23/12/2050 23:00,122307419.28600001
24/12/2050 00:00,137478771.84600002
24/12/2050 01:00,137478771.84600002
24/12/2050 02:00,137478771.84600002
24/12/2050 03:00,137478771.84600002
24/12/2050 04:00,137478771.84600002
24/12/2050 05:00,137478771.84600002
24/12/2050 06:00,137478771.84600002
24/12/2050 07:00,137478771.84600002
24/12/2050 08:00,137478771.84600002
24/12/2050 09:00,137478771.84600002
24/12/2050 10:00,137478771.84600002
24/12/2050 11:00,137478771.84600002
24/12/2050 12:00,137478771.84600002
24/12/2050 13:00,137478771.84600002
24/12/2050 14:00,137478771.84600002
24/12/2050 15:00,137478771.84600002
24/12/2050 16:00,137478771.84600002
24/12/2050 17:00,137478771.84600002
24/12/2050 18:00,137478771.84600002
24/12/2050 19:00,137478771.84600002
24/12/2050 20:00,137478771.84600002
24/12/2050 21:00,137478771.84600002
24/12/2050 22:00,137478771.84600002
24/12/2050 23:00,137478771.84600002
25/12/2050 00:00,122307419.286
25/12/2050 01:00,122307419.286
25/12/2050 02:00,122307419.286
25/12/2050 03:00,122307419.286
25/12/2050 04:00,122307419.286
25/12/2050 05:00,122307419.286
25/12/2050 06:00,122307419.286
25/12/2050 07:00,122307419.286
25/12/2050 08:00,122307419.286
25/12/2050 09:00,122307419.286
25/12/2050 10:00,122307419.286
25/12/2050 11:00,122307419.286
25/12/2050 12:00,122307419.286
25/12/2050 13:00,122307419.286
25/12/2050 14:00,122307419.286
25/12/2050 15:00,122307419.286
25/12/2050 16:00,122307419.286
25/12/2050 17:00,122307419.286
25/12/2050 18:00,122307419.286
25/12/2050 19:00,122307419.286
25/12/2050 20:00,122307419.286
25/12/2050 21:00,122307419.286
25/12/2050 22:00,122307419.286
25/12/2050 23:00,122307419.286
26/12/2050 00:00,180413699.59080005
26/12/2050 01:00,180413699.59080005
26/12/2050 02:00,180413699.59080005
26/12/2050 03:00,180413699.59080005
26/12/2050 04:00,180413699.59080005
26/12/2050 05:00,180413699.59080005
26/12/2050 06:00,180413699.59080005
26/12/2050 07:00,180413699.59080005
26/12/2050 08:00,180413699.59080005
26/12/2050 09:00,180413699.59080005
26/12/2050 10:00,180413699.59080005
26/12/2050 11:00,180413699.59080005
26/12/2050 12:00,180413699.59080005
26/12/2050 13:00,180413699.59080005
26/12/2050 14:00,180413699.59080005
26/12/2050 15:00,180413699.59080005
26/12/2050 16:00,180413699.59080005
26/12/2050 17:00,180413699.59080005
26/12/2050 18:00,180413699.59080005
26/12/2050 19:00,180413699.59080005
26/12/2050 20:00,180413699.59080005
26/12/2050 21:00,180413699.59080005
26/12/2050 22:00,180413699.59080005
26/12/2050 23:00,180413699.59080005
27/12/2050 00:00,182537688.94920003
27/12/2050 01:00,182537688.94920003
27/12/2050 02:00,182537688.94920003
27/12/2050 03:00,182537688.94920003
27/12/2050 04:00,182537688.94920003
27/12/2050 05:00,182537688.94920003
27/12/2050 06:00,182537688.94920003
27/12/2050 07:00,182537688.94920003
27/12/2050 08:00,182537688.94920003
27/12/2050 09:00,182537688.94920003
27/12/2050 10:00,182537688.94920003
27/12/2050 11:00,182537688.94920003
27/12/2050 12:00,182537688.94920003
27/12/2050 13:00,182537688.94920003
27/12/2050 14:00,182537688.94920003
27/12/2050 15:00,182537688.94920003
27/12/2050 16:00,182537688.94920003
27/12/2050 17:00,182537688.94920003
27/12/2050 18:00,182537688.94920003
27/12/2050 19:00,182537688.94920003
27/12/2050 20:00,182537688.94920003
27/12/2050 21:00,182537688.94920003
27/12/2050 22:00,182537688.94920003
27/12/2050 23:00,182537688.94920003
28/12/2050 00:00,114266602.42920001
28/12/2050 01:00,114266602.42920001
28/12/2050 02:00,114266602.42920001
28/12/2050 03:00,114266602.42920001
28/12/2050 04:00,114266602.42920001
28/12/2050 05:00,114266602.42920001
28/12/2050 06:00,114266602.42920001
28/12/2050 07:00,114266602.42920001
28/12/2050 08:00,114266602.42920001
28/12/2050 09:00,114266602.42920001
28/12/2050 10:00,114266602.42920001
28/12/2050 11:00,114266602.42920001
28/12/2050 12:00,114266602.42920001
28/12/2050 13:00,114266602.42920001
28/12/2050 14:00,114266602.42920001
28/12/2050 15:00,114266602.42920001
28/12/2050 16:00,114266602.42920001
28/12/2050 17:00,114266602.42920001
28/12/2050 18:00,114266602.42920001
28/12/2050 19:00,114266602.42920001
28/12/2050 20:00,114266602.42920001
28/12/2050 21:00,114266602.42920001
28/12/2050 22:00,114266602.42920001
28/12/2050 23:00,114266602.42920001
29/12/2050 00:00,143623169.6328
29/12/2050 01:00,143623169.6328
29/12/2050 02:00,143623169.6328
29/12/2050 03:00,143623169.6328
29/12/2050 04:00,143623169.6328
29/12/2050 05:00,143623169.6328
29/12/2050 06:00,143623169.6328
29/12/2050 07:00,143623169.6328
29/12/2050 08:00,143623169.6328
29/12/2050 09:00,143623169.6328
29/12/2050 10:00,143623169.6328
29/12/2050 11:00,143623169.6328
29/12/2050 12:00,143623169.6328
29/12/2050 13:00,143623169.6328
29/12/2050 14:00,143623169.6328
29/12/2050 15:00,143623169.6328
29/12/2050 16:00,143623169.6328
29/12/2050 17:00,143623169.6328
29/12/2050 18:00,143623169.6328
29/12/2050 19:00,143623169.6328
29/12/2050 20:00,143623169.6328
29/12/2050 21:00,143623169.6328
29/12/2050 22:00,143623169.6328
29/12/2050 23:00,143623169.6328
30/12/2050 00:00,129286241.46360001
30/12/2050 01:00,129286241.46360001
30/12/2050 02:00,129286241.46360001
30/12/2050 03:00,129286241.46360001
30/12/2050 04:00,129286241.46360001
30/12/2050 05:00,129286241.46360001
30/12/2050 06:00,129286241.46360001
30/12/2050 07:00,129286241.46360001
30/12/2050 08:00,129286241.46360001
30/12/2050 09:00,129286241.46360001
30/12/2050 10:00,129286241.46360001
30/12/2050 11:00,129286241.46360001
30/12/2050 12:00,129286241.46360001
30/12/2050 13:00,129286241.46360001
30/12/2050 14:00,129286241.46360001
30/12/2050 15:00,129286241.46360001
30/12/2050 16:00,129286241.46360001
30/12/2050 17:00,129286241.46360001
30/12/2050 18:00,129286241.46360001
30/12/2050 19:00,129286241.46360001
30/12/2050 20:00,129286241.46360001
30/12/2050 21:00,129286241.46360001
30/12/2050 22:00,129286241.46360001
30/12/2050 23:00,129286241.46360001
31/12/2050 00:00,70385787.2952
31/12/2050 01:00,70385787.2952
31/12/2050 02:00,70385787.2952
31/12/2050 03:00,70385787.2952
31/12/2050 04:00,70385787.2952
31/12/2050 05:00,70385787.2952
31/12/2050 06:00,70385787.2952
31/12/2050 07:00,70385787.2952
31/12/2050 08:00,70385787.2952
31/12/2050 09:00,70385787.2952
31/12/2050 10:00,70385787.2952
31/12/2050 11:00,70385787.2952
31/12/2050 12:00,70385787.2952
31/12/2050 13:00,70385787.2952
31/12/2050 14:00,70385787.2952
31/12/2050 15:00,70385787.2952
31/12/2050 16:00,70385787.2952
31/12/2050 17:00,70385787.2952
31/12/2050 18:00,70385787.2952
31/12/2050 19:00,70385787.2952
31/12/2050 20:00,70385787.2952
31/12/2050 21:00,70385787.2952
31/12/2050 22:00,70385787.2952
31/12/2050 23:00,70385787.2952
